SNP	CONTEXT	INTERGENIC	CHR_ID	CHR_POS	UP_DIST	DOWN_DIST	GO FUNCTION	BREAST_A_LEVEL	BREAST_G_LEVEL	BREAST_M_LEVEL	IS_RISK_FACTOR
rs9383951	3	0	6	151974478	-1	-1	1	0	2	0	1
rs115635831	3	0	2	200878871	-1	-1	12	0	2	2	1
rs10069690	3	0	5	1279675	-1	-1	1	0	0	0	1
rs4973768	12	0	3	27374522	-1	-1	2	0	0	0	1
rs73161324	3	0	22	41642782	-1	-1	1	2	3	3	1
rs1943466	3	0	11	123393934	-1	-1	0	-2	-2	-2	1
rs10411161	3	0	19	51869723	-1	-1	1	2	2	1	1
rs10816625	19	1	9	108074792	34200	22640	0	-2	-2	-2	1
rs16857609	3	0	2	217431785	-1	-1	0	-1	-1	-1	1
rs6988985	8	1	8	142925688	7845	56050	0	-1	-1	-1	1
rs148760487	8	1	2	162922103	83373	230148	2	-1	-1	-1	1
rs4980383	15	0	11	1880867	-1	-1	12	0	0	0	1
rs1357245	3	0	3	27145111	-1	-1	2	0	0	0	1
rs12710696	3	0	2	19121042	-1	-1	0	-2	-2	-2	1
rs1314913	3	0	14	68232877	-1	-1	1	0	3	3	1
rs7726354	3	0	5	56960656	-1	-1	5	0	2	2	1
rs1432679	3	0	5	158817075	-1	-1	1	-1	-1	-1	1
rs71564305	8	1	6	14107800	100899	9456	2	0	0	0	1
rs2496589	8	1	6	143412439	25030	10393	0	-2	-2	-2	1
rs2736108	19	1	5	1297373	2304	11937	1	0	0	0	1
rs11154838	3	0	6	135969804	-1	-1	6	0	0	0	1
rs17020562	8	1	1	213369363	94589	59345	5	0	1	0	1
rs6071641	19	1	20	39049018	9295	164759	5	0	0	0	1
rs16958536	3	0	15	46737708	-1	-1	2	-1	-1	-1	1
rs12349081	3	0	9	21951903	-1	-1	0	-2	-2	-2	1
rs74911261	2	0	11	108486410	-1	-1	2	0	0	0	1
rs140068132	14	1	6	151633699	12506	22992	1	0	2	0	1
rs614367	8	1	11	69513996	19044	127091	0	-2	-2	-2	1
rs3757322	12	0	6	151621059	-1	-1	1	0	2	0	1
rs17879961	2	0	22	28725099	-1	-1	1	1	1	1	1
rs745570	8	1	17	79807926	5397	15526	0	-2	-2	-2	1
rs2965183	3	0	19	19434887	-1	-1	1	2	2	2	1
rs4971059	3	0	1	155176305	-1	-1	4	0	0	0	1
rs4808801	3	0	19	18460331	-1	-1	1	-1	-1	-1	1
rs6569648	3	0	6	130027974	-1	-1	1	0	0	0	1
rs6001930	3	0	22	40480230	-1	-1	1	0	2	2	1
rs1265507	19	1	12	114430333	17502	74543	1	0	2	1	1
rs738321	3	0	22	38172826	-1	-1	12	0	2	1	1
rs4784227	3	0	16	52565276	-1	-1	1	0	0	2	1
rs3135724	3	0	10	121592706	-1	-1	1	0	2	1	1
rs616488	3	0	1	10506158	-1	-1	1	1	2	2	1
rs2787486	3	0	17	55132413	-1	-1	0	-2	-2	-2	1
rs130318	3	0	22	44080184	-1	-1	12	0	0	3	1
rs60979655	19	1	16	58661235	31350	3874	2	0	2	1	1
rs17356907	3	0	12	95633983	-1	-1	2	0	0	0	1
rs11155804	8	1	6	151625017	3824	31674	1	0	2	0	1
rs17350191	8	1	8	123745421	8019	23018	1	0	0	0	1
rs3184504	2	0	12	111446804	-1	-1	11	0	3	3	1
rs16992204	8	1	21	34738904	1700	6853	0	-1	-1	-1	1
rs6453204	3	0	5	76143375	-1	-1	2	0	0	0	1
rs16886364	3	0	5	56826517	-1	-1	5	0	2	2	1
rs1468574	8	1	17	58165213	5658	1769	0	-1	-1	-1	1
rs6828523	3	0	4	174925275	-1	-1	2	-1	-1	-1	1
rs11814448	8	1	10	22026914	23145	136078	1	2	2	2	1
rs4930561	3	0	11	68164294	-1	-1	0	-1	-1	-1	1
rs58058861	3	0	3	172567447	-1	-1	0	-2	-2	-2	1
rs10953024	3	0	7	90874752	-1	-1	1	0	0	0	1
rs941764	3	0	14	91374725	-1	-1	0	2	3	3	1
rs9834244	8	1	3	151704793	46827	29123	2	-1	-1	-1	1
rs6715083	8	1	2	232353782	2473	14794	0	-2	-2	-2	1
rs59964204	3	0	7	36899717	-1	-1	11	-1	-1	-1	1
rs10474352	3	0	5	91436408	-1	-1	12	-1	-1	-1	1
rs17356907	3	0	12	95633983	-1	-1	2	0	0	0	1
rs162277	19	1	19	52526945	10063	707	1	-1	-1	-1	1
rs3803662	15	0	16	52552429	-1	-1	1	0	0	2	1
rs13294895	19	1	9	108074895	34303	22537	0	-2	-2	-2	1
rs4322600	3	0	14	87829256	-1	-1	2	0	0	0	1
rs16886034	8	1	5	56688029	81797	82770	5	0	2	2	1
rs10263639	8	1	7	67594280	231330	33551	0	-2	-2	-2	1
rs3773651	3	0	3	30677040	-1	-1	2	-1	-1	-1	1
rs13329835	3	0	16	80616908	-1	-1	1	2	2	0	1
rs10771399	8	1	12	28002147	29442	131102	1	0	1	1	1
rs17426269	3	0	1	87691240	-1	-1	0	-2	-2	-2	1
rs2236007	3	0	14	36663564	-1	-1	1	0	0	0	1
rs4442975	8	1	2	217056046	59556	195510	2	-1	-1	-1	1
rs7971	12	0	7	21901342	-1	-1	5	0	0	0	1
rs17817449	3	0	16	53779455	-1	-1	1	2	2	2	1
rs3760982	19	1	19	43782361	1104	3513	0	-1	-1	-1	1
rs9485372	3	0	6	149287738	-1	-1	5	1	1	1	1
rs3822625	9	0	5	56882284	-1	-1	5	0	2	2	1
rs9397437	8	1	6	151631197	10004	25494	1	0	2	0	1
rs3785982	3	0	17	9186907	-1	-1	2	0	0	0	1
rs3803662	15	0	16	52552429	-1	-1	1	0	0	2	1
rs4973768	12	0	3	27374522	-1	-1	2	0	0	0	1
rs7072776	8	1	10	21744013	383	12524	1	2	2	2	1
rs9485372	3	0	6	149287738	-1	-1	5	1	1	1	1
rs7716600	8	1	5	44874903	46311	160296	161	0	2	1	1
rs6507583	3	0	18	44819625	-1	-1	1	0	1	1	1
rs4849887	8	1	2	120487546	21328	55363	0	-2	-2	-2	1
rs4969001	3	0	17	72983988	-1	-1	1	-1	-1	-1	1
rs2900478	3	0	12	21215863	-1	-1	2	0	0	0	1
rs3757322	12	0	6	151621059	-1	-1	1	0	2	0	1
rs4964006	3	0	12	26617956	-1	-1	12	1	3	0	1
rs1092913	3	0	5	10467590	-1	-1	0	0	0	0	1
rs11119608	3	0	1	210816167	-1	-1	1	0	0	0	1
rs3803662	15	0	16	52552429	-1	-1	1	0	0	2	1
rs2981579	3	0	10	121577821	-1	-1	1	0	2	1	1
rs1728400	8	1	16	86400840	51157	33990	0	-1	-1	-1	1
rs1057941	15	0	1	155216951	-1	-1	0	-1	-1	-1	1
rs11249433	3	0	1	121538815	-1	-1	0	-2	-2	-2	1
rs73107564	8	1	20	37635373	12254	41537	0	-2	-2	-2	1
rs11844632	3	0	14	68559662	-1	-1	1	0	3	3	1
rs11374964	12	0	11	108474789	-1	-1	2	0	0	0	1
rs614367	8	1	11	69513996	19044	127091	1	0	0	0	1
rs11780156	3	0	8	128182395	-1	-1	1	0	2	2	1
rs35951924	8	1	5	50899260	39240	4348	0	-2	-2	-2	1
rs11552449	2	0	1	113905767	-1	-1	1	0	1		
rs2532263	3	0	17	46175102	-1	-1	1	0	2	0	1
rs77528541	8	1	4	125922349	169556	148359	0	-2	-2	-2	1
rs2380205	8	1	10	5844771	2639	16846	88	0	2	0	1
rs11257188	3	0	10	6195193	-1	-1	1	0	2	2	1
rs11249433	3	0	1	121538815	-1	-1	0	-1	-1	-1	1
rs6597981	12	0	11	803017	-1	-1	1	2	2	2	1
rs57712673	3	0	19	14774988	-1	-1	0	-1	-1	-1	1
rs204247	8	1	6	13722291	10456	64266	1	2	1	1	1
rs115707823	8	1	6	30374976	10696	39739	0	-2	-2	-2	1
rs113118767	3	0	20	19518790	-1	-1	2	0	2	0	1
rs1876206	3	0	15	48608389	-1	-1	2	0	0	0	1
rs13387042	8	1	2	217041109	44619	210447	0	-2	-2	-2	1
rs903263	3	0	1	84156830	-1	-1	1	2	2	2	1
rs13393577	3	0	2	212432139	-1	-1	1	0	2	2	1
rs4980383	15	0	11	1880867	-1	-1	12	0	0	0	1
rs66823261	3	0	8	220692	-1	-1	0	-1	-1	-1	1
rs12628403	3	0	22	38962032	-1	-1	0	-1	-1	-1	1
rs1353747	3	0	5	59041654	-1	-1	6	2	2	2	1
rs4245739	12	0	1	204549714	-1	-1	1	2	2	2	1
rs4245739	12	0	1	204549714	-1	-1	1	2	2	2	1
rs4808075	3	0	19	17279482	-1	-1	1	1	2	2	1
rs6678914	3	0	1	202218048	-1	-1	2	0	3	0	1
rs4784227	3	0	16	52565276	-1	-1	1	0	0	2	1
rs1154865	8	1	12	73596057	387740	52609	0	-2	-2	-2	1
rs11786541	8	1	8	9932039	26673	118446	0	-2	-2	-2	1
rs6964587	2	0	7	92001306	-1	-1	1	0	2	2	1
rs12149056	8	1	16	58657060	27175	8049	2	0	2	1	1
rs6504950	3	0	17	54979110	-1	-1	12	1	2	2	1
rs34346910	19	1	10	86667452	604	997	6	0	0	0	1
rs6805189	3	0	3	71482962	-1	-1	1	1	3	2	1
rs10069690	3	0	5	1279675	-1	-1	1	0	0	0	1
rs56404467	3	0	13	32265853	-1	-1	12	1	2	2	1
rs1436904	3	0	18	26990703	-1	-1	2	1	2	2	1
rs2981579	3	0	10	121577821	-1	-1	1	0	2	1	1
rs16952550	3	0	18	7807950	-1	-1	2	0	0	1	
rs6725517	3	0	2	24906604	-1	-1	2	0	1	1	1
rs67397200	19	1	19	17290595	2949	1536	1	0	0	0	1
rs148883465	3	0	11	103813371	-1	-1	0	-2	-2	-2	1
rs7707921	3	0	5	82242227	-1	-1	102	2	1	2	1
rs13267382	3	0	8	116197325	-1	-1	0	-1	-1	-1	1
rs130318	3	0	22	44080184	-1	-1	12	0	0	3	1
rs4593472	3	0	7	130982362	-1	-1	0	-1	-1	-1	1
rs10490113	3	0	2	59272212	-1	-1	0	-2	-2	-2	1
rs11013837	3	0	10	23995722	-1	-1	2	1	1		
rs117114682	3	0	7	158170200	-1	-1	2	0	0	0	1
rs3784099	3	0	14	68283210	-1	-1	0	-1	-1	-1	1
rs1292011	19	1	12	115398717	33972	170677	0	-2	-2	-2	1
rs1519277	8	1	2	123261223	187742	182043	0	-2	-2	-2	1
rs1011970	3	0	9	22062135	-1	-1	1	0	2	2	1
rs11065979	8	1	12	111621753	21497	20393	0	-2	-2	-2	1
rs2350923	3	0	8	61692700	-1	-1	2	3	2	3	1
rs12358475	8	1	10	11806793	42723	16546	0	-1	-1	-1	1
rs7975553	3	0	12	130560585	-1	-1	4	-1	-1	-1	1
rs13387042	8	1	2	217041109	44619	210447	0	-2	-2	-2	1
rs653465	3	0	3	27302153	-1	-1	2	0	0	0	1
rs10472076	8	1	5	58888234	24820	80804	5	0	0	0	1
rs3760982	19	1	19	43782361	1104	3513	0	-1	-1	-1	1
rs6796502	8	1	3	46825376	12802	4166	0	-2	-2	-2	1
rs10759243	8	1	9	107543834	218	119306	0	-2	-2	-2	1
rs11571833	5	0	13	32398489	-1	-1	1	-1	-1	-1	1
rs1432679	3	0	5	158817075	-1	-1	1	-1	-1	-1	1
rs10069690	3	0	5	1279675	-1	-1	1	0	0	0	1
rs2180341	3	0	6	127279485	-1	-1	12	1	2	1	1
rs10995190	3	0	10	62518923	-1	-1	0	0	0	0	1
rs3803662	15	0	16	52552429	-1	-1	1	0	0	2	1
rs2284378	3	0	20	34000289	-1	-1	1	3	3	2	1
rs11200014	3	0	10	121575416	-1	-1	1	0	2	1	1
rs1453308	3	0	2	236277682	-1	-1	1	-1	-1	-1	1
rs9790517	3	0	4	105163621	-1	-1	1	3	3	3	1
rs1053338	2	0	3	63982224	-1	-1	0	-1	-1	-1	1
rs2111836	3	0	18	8716323	-1	-1	0	-1	-1	-1	1
rs7105310	15	0	11	126175935	-1	-1	150	0	1	1	1
rs720475	3	0	7	144377836	-1	-1	1	1	3	3	1
rs12546444	3	0	8	105346392	-1	-1	0	-1	-1	-1	1
rs11627032	3	0	14	92637727	-1	-1	108	0	1	0	1
rs71801447	12	0	2	111168161	-1	-1	12	3	2	2	1
rs479825	3	0	11	96198321	-1	-1	1	1	2	2	1
rs17489300	3	0	1	202209914	-1	-1	2	0	3	0	1
rs72755295	3	0	1	241870961	-1	-1	1	-1	-1	-1	1
rs3817198	3	0	11	1887776	-1	-1	12	0	0	0	1
rs4415084	8	1	5	44662413	152131	36018	0	-2	-2	-2	1
rs12655019	8	1	5	56899963	3811	78	5	0	2	2	1
rs3884558	3	0	15	61410580	-1	-1	0	-1	-1	-1	1
rs704010	3	0	10	79081391	-1	-1	1	0	0	0	1
rs1078806	3	0	10	121579461	-1	-1	1	0	2	1	1
rs1862626	8	1	5	56737113	130881	33686	0	-2	-2	-2	1
rs2046210	8	1	6	151627231	6038	29460	0	-2	-2	-2	1
rs12586722	8	1	14	70423423	6333	2389	2	0	0	0	1
rs10995190	3	0	10	62518923	-1	-1	0	0	0	0	1
rs13365225	8	1	8	37000965	12553	66476	0	-2	-2	-2	1
rs34775372	8	1	4	4794716	83778	25689	1	0	0	0	1
rs11076805	3	0	16	4056787	-1	-1	2	0	2	1	1
rs10941679	8	1	5	44706396	5588	9797	1	-1	-1	-1	1
rs2981575	3	0	10	121586602	-1	-1	1	0	2	1	1
rs6504950	3	0	17	54979110	-1	-1	12	1	2	2	1
rs2046210	8	1	6	151627231	6038	29460	1	0	2	0	1
rs35383942	2	0	1	201468704	-1	-1	11	0	2	2	1
rs3112612	3	0	16	52601252	-1	-1	1	0	0	2	1
rs527616	3	0	18	26757460	-1	-1	0	-2	-2	-2	1
rs2290854	3	0	1	204546897	-1	-1	1	2	2	2	1
rs16851421	8	1	1	230289344	7222	25146	2	0	1	0	1
rs12922061	3	0	16	52601088	-1	-1	1	0	0	2	1
rs2075555	3	0	17	50196930	-1	-1	2	1	1	1	1
rs10825036	8	1	10	53506471	48183	259929	2	-1	-1	-1	1
rs742276	8	1	20	39051206	11483	162571	5	0	0	0	1
rs200648189	3	0	2	24516826	-1	-1	1	0	3	0	1
rs2242652	3	0	5	1279913	-1	-1	1	0	0	0	1
rs2594714	14	1	19	13843757	829	18306	0	-2	-2	-2	1
rs17489300	3	0	1	202209914	-1	-1	2	0	3	0	1
rs74911261	2	0	11	108486410	-1	-1	2	0	0	0	1
rs745570	8	1	17	79807926	5397	15526	0	-2	-2	-2	1
rs278050	8	1	13	29862831	12147	1541	0	-2	-2	-2	1
rs13267382	3	0	8	116197325	-1	-1	0	-1	-1	-1	1
rs12048493	3	0	1	149955122	-1	-1	1	0	2	2	1
rs4593472	3	0	7	130982362	-1	-1	0	-1	-1	-1	1
rs1292011	19	1	12	115398717	33972	170677	1	-1	-1	-1	1
rs2229882	9	0	5	56872885	-1	-1	5	0	2	2	1
rs7707921	3	0	5	82242227	-1	-1	102	2	1	2	1
rs9418690	3	0	10	127011685	-1	-1	1	0	3	2	1
rs147527678	8	1	6	32699696	31313	6428	0	-2	-2	-2	1
rs11075995	3	0	16	53821379	-1	-1	1	2	2	2	1
rs16886165	8	1	5	56727256	121024	43543	5	0	2	2	1
rs56069439	15	0	19	17283116	-1	-1	0	-1	-1	-1	1
rs12493607	3	0	3	30641447	-1	-1	2	-1	-1	-1	1
rs676256	8	1	9	108133073	35222	119081	0	-2	-2	-2	1
rs11654964	8	1	17	34662519	23201	62990	2	0	1	0	1
rs115392158	3	0	6	31347004	-1	-1	2	-1	-1	-1	1
rs10623258	15	0	14	104745925	-1	-1	5	-1	-1	-1	1
rs12118297	19	1	1	87313534	48793	15346	1	0	2	1	1
rs10472076	8	1	5	58888234	24820	80804	5	0	0	0	1
rs204247	8	1	6	13722291	10456	64266	1	2	1	1	1
rs4075454	8	1	6	166308998	550	10730	0	0	0	0	1
rs2012709	3	0	5	32567626	-1	-1	0	-2	-2	-2	1
rs11196174	3	0	10	112974337	-1	-1	1	2	3	2	1
rs10069690	3	0	5	1279675	-1	-1	1	0	0	0	1
rs9790517	3	0	4	105163621	-1	-1	1	3	3	3	1
rs8113308	3	0	19	51942133	-1	-1	1	2	2	2	1
rs13162653	8	1	5	16187419	1834	4669	0	-2	-2	-2	1
rs11249433	3	0	1	121538815	-1	-1	0	-2	-2	-2	1
rs11168936	3	0	12	49251457	-1	-1	1	2	3	3	1
rs421379	19	1	5	91979496	134967	103101	12	-1	-1	-1	1
rs12048493	3	0	1	149955122	-1	-1	0	-2	-2	-2	1
rs16886113	19	1	5	56699208	92976	71591	5	0	2	2	1
rs12548629	3	0	8	103189173	-1	-1	12	0	0	0	1
rs616488	3	0	1	10506158	-1	-1	1	1	2	2	1
rs4604234	8	1	6	80398959	24390	41771	0	-2	-2	-2	1
rs981782	3	0	5	45285616	-1	-1	0	-2	-2	-2	1
rs9257408	19	1	6	28958443	13906	10687	0	-2	-2	-2	1
rs6828523	3	0	4	174925275	-1	-1	2	-1	-1	-1	1
rs1468348	3	0	7	38728314	-1	-1	6	0	2	2	1
rs10069690	3	0	5	1279675	-1	-1	1	0	0	0	1
rs6678914	3	0	1	202218048	-1	-1	2	0	3	0	1
rs2981579	3	0	10	121577821	-1	-1	1	0	2	1	1
rs6472903	3	0	8	75318066	-1	-1	0	-2	-2	-2	1
rs17817449	3	0	16	53779455	-1	-1	1	2	2	2	1
rs7529522	19	1	1	117687599	45960	1022	0	-2	-2	-2	1
rs2046210	8	1	6	151627231	6038	29460	0	-1	-1	-1	1
rs3803662	15	0	16	52552429	-1	-1	1	0	0	2	1
rs132390	3	0	22	29225488	-1	-1	0	-1	-1	-1	1
rs12710696	3	0	2	19121042	-1	-1	0	-2	-2	-2	1
rs1858826	3	0	7	93719703	-1	-1	2	0	0	0	1
rs10771399	8	1	12	28002147	29442	131102	0	-2	-2	-2	1
rs11155804	8	1	6	151625017	3824	31674	1	0	2	0	1
rs141752671	3	0	11	103745837	-1	-1	0	-2	-2	-2	1
rs75915166	19	1	11	69564393	69441	76694	1	0	0	0	1
rs17817449	3	0	16	53779455	-1	-1	1	2	2	2	1
rs4784223	3	0	16	52541995	-1	-1	1	0	0	2	1
rs1830298	3	0	2	201316524	-1	-1	1	0	2	1	1
rs1550623	3	0	2	173348166	-1	-1	1	-1	-1	-1	1
rs2290203	12	0	15	90968837	-1	-1	1	2	2	2	1
rs11627032	3	0	14	92637727	-1	-1	108	0	1	0	1
rs12601991	3	0	17	37741642	-1	-1	1	0	0	0	1
rs11820646	19	0	11	129591276	53162	-1	0	-2	-2	-2	1
rs2981575	3	0	10	121586602	-1	-1	1	0	2	1	1
rs3135718	3	0	10	121594355	-1	-1	1	0	2	1	1
rs1926657	3	0	13	95222702	-1	-1	2	0	0	0	1
rs1453307	3	0	2	236278055	-1	-1	1	-1	-1	-1	1
rs2774307	3	0	1	114128347	-1	-1	2	-1	-1	-1	1
rs2981578	3	0	10	121580797	-1	-1	1	0	2	1	1
rs2075570	3	0	1	155212373	-1	-1	12	2	2	2	1
rs8170	9	0	19	17278895	-1	-1	0	-2	-2	-2	1
rs2588809	3	0	14	68193711	-1	-1	1	0	3	3	1
rs4245739	12	0	1	204549714	-1	-1	2	1	1	1	1
rs1353747	3	0	5	59041654	-1	-1	6	2	2	2	1
rs3757318	3	0	6	151592978	-1	-1	1	0	2	0	1
rs12243039	3	0	10	21147293	-1	-1	0	-1	-1	-1	1
rs6882649	3	0	5	111882089	-1	-1	1	0	3	1	1
rs8170	9	0	19	17278895	-1	-1	0	-1	-1	-1	1
rs13162653	8	1	5	16187419	1834	4669	0	-2	-2	-2	1
rs72755295	3	0	1	241870961	-1	-1	1	-1	-1	-1	1
rs6796502	8	1	3	46825376	12802	4166	0	-2	-2	-2	1
rs72755295	3	0	1	241870961	-1	-1	1	-1	-1	-1	1
rs11820646	19	0	11	129591276	53162	-1	0	-2	-2	-2	1
rs13162653	8	1	5	16187419	1834	4669	0	-2	-2	-2	1
rs10814070	8	1	9	34129841	2442	3316	102	0	2	1	1
rs140936696	8	1	10	93532431	3339	34234	0	-2	-2	-2	1
rs481519	3	0	3	27285723	-1	-1	1	-1	-1	-1	1
rs10864459	3	0	1	10503552	-1	-1	1	1	2	2	1
rs17530068	8	1	6	81483392	926203	8047	0	-2	-2	-2	1
rs17817449	3	0	16	53779455	-1	-1	1	2	2	2	1
rs4996188	3	0	2	232350750	-1	-1	0	-2	-2	-2	1
rs140850326	8	1	1	50380361	53354	18464	0	-2	-2	-2	1
rs8170	9	0	19	17278895	-1	-1	0	-1	-1	-1	1
rs16960359	3	0	16	58670592	-1	-1	2	0	2	1	1
rs9257408	19	1	6	28958443	13906	10687	0	-2	-2	-2	1
rs186507655	19	1	1	1351675	2257	1014	0	-2	-2	-2	1
rs4496150	8	1	16	87051631	145159	6153	0	-2	-2	-2	1
rs71557345	3	0	6	26680470	-1	-1	0	-2	-2	-2	1
rs6507583	3	0	18	44819625	-1	-1	1	0	1	1	1
rs3803662	15	0	16	52552429	-1	-1	1	0	0	2	1
rs2236007	3	0	14	36663564	-1	-1	1	0	0	0	1
rs8014252	3	0	14	70452982	-1	-1	11	-1	-1	-1	1
rs6569648	3	0	6	130027974	-1	-1	1	0	0	0	1
rs17530068	8	1	6	81483392	926203	8047	163	0	2	1	1
rs2912780	3	0	10	121577603	-1	-1	1	0	2	1	1
rs3803662	15	0	16	52552429	-1	-1	0	-1	-1	-1	1
rs147680653	19	1	6	29785031	21639	5923	0	-2	-2	-2	1
rs11571833	5	0	13	32398489	-1	-1	1	-1	-1	-1	1
rs2290203	12	0	15	90968837	-1	-1	1	2	2	2	1
rs1436904	3	0	18	26990703	-1	-1	2	1	2	2	1
rs4784227	3	0	16	52565276	-1	-1	0	-1	-1	-1	1
rs206966	3	0	12	120394343	-1	-1	0	-2	-2	-2	1
rs62355902	8	1	5	56757896	151664	12903	5	0	2	2	1
rs16857609	3	0	2	217431785	-1	-1	0	-1	-1	-1	1
rs45631563	3	0	10	121589810	-1	-1	1	0	2	1	1
rs16886448	3	0	5	56874986	-1	-1	5	0	2	2	1
rs1895062	3	0	9	116551207	-1	-1	2	-1	-1	-1	1
rs7726159	3	0	5	1282204	-1	-1	1	0	0	0	1
rs3757318	3	0	6	151592978	-1	-1	1	0	2	0	1
rs12710696	3	0	2	19121042	-1	-1	0	-2	-2	-2	1
rs12243039	3	0	10	21147293	-1	-1	0	-1	-1	-1	1
rs11076805	3	0	16	4056787	-1	-1	2	0	2	1	1
rs3784911	3	0	16	58669712	-1	-1	2	0	2	1	1
rs6762644	3	0	3	4700592	-1	-1	0	-1	-1	-1	1
rs999737	3	0	14	68567965	-1	-1	0	-1	-1	-1	1
rs6122906	8	1	20	50329374	8032	99816	0	-2	-2	-2	1
rs10510102	3	0	10	121865675	-1	-1	1	0	2	1	1
rs13281615	3	0	8	127343372	-1	-1	0	-2	-2	-2	1
rs2840044	8	1	17	35565049	2972	1468	1	-1	-1	-1	1
rs3817198	3	0	11	1887776	-1	-1	12	0	0	0	1
rs7679673	3	0	4	105140377	-1	-1	0	-2	-2	-2	1
rs7707921	3	0	5	82242227	-1	-1	102	2	1	2	1
rs117618124	3	0	18	32397726	-1	-1	12	0	1	1	1
rs117114682	3	0	7	158170200	-1	-1	2	0	0	0	1
rs7648642	3	0	3	119542528	-1	-1	2	0	0	0	1
rs17156577	3	0	7	28317270	-1	-1	1	-1	-1	-1	1
rs56084662	12	0	13	32295727	-1	-1	12	1	2	2	1
rs2736108	19	1	5	1297373	2304	11937	1	0	0	0	1
rs2747652	3	0	6	152115881	-1	-1	1	0	2	0	1
rs11780156	3	0	8	128182395	-1	-1	1	0	2	2	1
rs4593472	3	0	7	130982362	-1	-1	0	-1	-1	-1	1
rs3784099	3	0	14	68283210	-1	-1	0	-1	-1	-1	1
rs75316749	8	1	3	169043635	5219	39864	0	-2	-2	-2	1
rs421379	19	1	5	91979496	134967	103101	12	-1	-1	-1	1
rs2912774	3	0	10	121589148	-1	-1	1	0	2	1	1
rs2223621	3	0	6	20621007	-1	-1	5	-1	-1	-1	1
rs11627032	3	0	14	92637727	-1	-1	108	0	1	0	1
rs910920	8	1	17	797882	2088	1428	1	0	0	0	1
rs6762644	3	0	3	4700592	-1	-1	2	0	1	1	1
rs999737	3	0	14	68567965	-1	-1	1	0	3	3	1
rs35054928	3	0	10	121580918	-1	-1	1	0	2	1	1
rs2300206	3	0	20	34002002	-1	-1	1	3	3	2	1
rs3803662	15	0	16	52552429	-1	-1	1	0	0	2	1
rs67397200	19	1	19	17290595	2949	1536	0	-2	-2	-2	1
rs58847541	19	1	8	123597926	8880	16299	0	-2	-2	-2	1
rs7725218	3	0	5	1282299	-1	-1	1	0	0	0	1
rs1011970	3	0	9	22062135	-1	-1	1	0	2	2	1
rs16882214	3	0	6	19443704	-1	-1	0	-2	-2	-2	1
rs9348512	15	0	6	10456473	-1	-1	0	-1	-1	-1	1
rs4584690	3	0	13	95027878	-1	-1	2	0	0	0	1
rs10771399	8	1	12	28002147	29442	131102	1	0	1	1	1
rs7701292	8	1	5	105742977	350007	180017	0	-1	-1	-1	1
rs720475	3	0	7	144377836	-1	-1	1	-1	-1	-1	1
rs76733922	3	0	16	58668637	-1	-1	2	0	2	1	1
rs67397200	19	1	19	17290595	2949	1536	1	0	0	0	1
rs13329835	3	0	16	80616908	-1	-1	1	2	2	0	1
rs11907546	8	1	20	34131991	8701	62578	0	-2	-2	-2	1
rs889312	8	1	5	56736057	129825	34742	5	0	2	2	1
rs9693444	8	1	8	29652100	19456	21822	0	-2	-2	-2	1
rs616488	3	0	1	10506158	-1	-1	1	1	2	2	1
rs17268829	8	1	7	94484487	53255	10812	0	-2	-2	-2	1
rs17221259	19	1	12	14257551	2325	99291	1	2	2	2	1
rs78545330	15	0	9	21995942	-1	-1	32	-1	-1	-1	1
rs3757318	3	0	6	151592978	-1	-1	1	0	2	0	1
rs322144	3	0	19	11313027	-1	-1	12	0	0	0	1
rs11903787	8	1	2	120330606	4308	15530	2	-1	-1	-1	1
rs1219648	3	0	10	121586676	-1	-1	1	0	2	1	1
rs4562056	8	1	5	170164483	22543	27096	0	-2	-2	-2	1
rs6788895	3	0	3	150750021	-1	-1	1	0	1	0	1
rs6562760	8	1	13	73383544	156284	15487	1	0	2	2	1
rs60538652	3	0	3	150755819	-1	-1	1	0	1	0	1
rs7794030	8	1	7	38712494	25457	10480	6	0	2	2	1
rs704010	3	0	10	79081391	-1	-1	0	-1	-1	-1	1
rs7072776	8	1	10	21744013	383	12524	1	2	2	2	1
rs1011970	3	0	9	22062135	-1	-1	1	0	2	2	1
rs17020562	8	1	1	213369363	94589	59345	5	0	1	0	1
rs67129489	3	0	12	95623181	-1	-1	0	-1	-1	-1	1
rs10995201	3	0	10	62540131	-1	-1	0	0	0	0	1
rs2012709	3	0	5	32567626	-1	-1	0	-2	-2	-2	1
rs17601876	3	0	15	51261712	-1	-1	6	0	0	0	1
rs889312	8	1	5	56736057	129825	34742	5	0	2	2	1
rs13281615	3	0	8	127343372	-1	-1	0	-2	-2	-2	1
rs17817449	3	0	16	53779455	-1	-1	1	2	2	2	1
rs13260300	19	1	8	74567389	18772	32386	0	-1	-1	-1	1
rs9579199	19	1	13	28590646	93379	8187	1	0	1	1	1
rs12870942	8	1	13	73232845	5585	166186	1	0	1	1	1
rs3803662	15	0	16	52552429	-1	-1	0	-1	-1	-1	1
rs11571833	5	0	13	32398489	-1	-1	1	-1	-1	-1	1
rs2016394	3	0	2	172108243	-1	-1	6	-1	-1	-1	1
rs73110464	3	0	12	52918828	-1	-1	1	0	3	0	1
rs74949440	7	0	11	117199645	-1	-1	0	0	0	3	1
rs2392780	3	0	8	127375779	-1	-1	0	-2	-2	-2	1
rs1857798	8	1	4	164448974	64924	148745	0	-1	-1	-1	1
rs112319963	8	1	6	66197278	102369	512964	0	-1	-1	-1	1
rs200648189	3	0	2	24516826	-1	-1	1	0	3	0	1
rs13066793	3	0	3	86988393	-1	-1	1	0	0	0	1
rs16886181	8	1	5	56733416	127184	37383	5	0	2	2	1
rs4233486	8	1	1	40914768	38098	23336	0	-2	-2	-2	1
rs66823261	3	0	8	220692	-1	-1	0	-1	-1	-1	1
rs2314686	19	1	8	23579239	3776	20787	5	0	0	0	1
rs2992756	19	1	1	18480845	92331	137	2	-1	-1	-1	1
rs1017226	3	0	5	56857565	-1	-1	5	0	2	2	1
rs79724016	3	0	1	41671640	-1	-1	1	0	2	2	1
rs12422552	19	1	12	14260997	5771	95845	0	-2	-2	-2	1
rs10069690	3	0	5	1279675	-1	-1	1	0	0	0	1
rs889312	8	1	5	56736057	129825	34742	5	0	2	2	1
rs514192	3	0	8	101466731	-1	-1	0	-2	-2	-2	1
rs2012709	3	0	5	32567626	-1	-1	0	-2	-2	-2	1
rs112822051	3	0	19	55035675	-1	-1	2	0	0	0	1
rs11374964	12	0	11	108474789	-1	-1	2	0	0	0	1
rs1432679	3	0	5	158817075	-1	-1	1	-1	-1	-1	1
rs1416584	8	1	9	8211949	250869	102297	2	0	0	0	1
rs4245739	12	0	1	204549714	-1	-1	1	2	2	2	1
rs7107217	3	0	11	129603795	-1	-1	12	0	2	0	1
rs113701136	8	1	19	29786822	71033	25169	1	0	0	0	1
rs12405132	3	0	1	145790097	-1	-1	0	-1	-1	-1	1
rs17356907	3	0	12	95633983	-1	-1	2	0	0	0	1
rs6562760	8	1	13	73383544	156284	15487	0	-2	-2	-2	1
rs166870	8	1	15	79777420	18658	39929	5	1	1	1	1
rs4784227	3	0	16	52565276	-1	-1	1	0	0	2	1
rs11685222	8	1	2	119990995	6096	2204	0	-2	-2	-2	1
rs1962073	3	0	8	10403043	-1	-1	1	0	1	0	1
rs11903787	8	1	2	120330606	4308	15530	2	-1	-1	-1	1
rs13387042	8	1	2	217041109	44619	210447	0	-2	-2	-2	1
rs10069690	3	0	5	1279675	-1	-1	1	0	0	0	1
rs1011970	3	0	9	22062135	-1	-1	1	0	0	0	1
rs6556756	3	0	5	164462274	-1	-1	0	-2	-2	-2	1
rs116095464	3	0	5	344994	-1	-1	1	-1	-1	-1	1
rs11374964	12	0	11	108474789	-1	-1	2	0	0	0	1
rs67073037	3	0	2	28896719	-1	-1	1	0	0	0	1
rs10841753	3	0	12	21168436	-1	-1	2	0	0	0	1
rs13387042	8	1	2	217041109	44619	210447	0	-2	-2	-2	1
rs147512482	19	1	22	27215781	10655	5568	0	-2	-2	-2	1
rs11977670	19	1	7	140242504	472	39961	0	-2	-2	-2	1
rs28845026	8	1	2	232355544	4235	13032	0	-2	-2	-2	1
rs2747652	3	0	6	152115881	-1	-1	1	0	2	0	1
rs10995190	3	0	10	62518923	-1	-1	0	0	0	0	1
rs16942732	8	1	17	58163947	4392	3035	2	-1	-1	-1	1
rs184577	3	0	2	38150263	-1	-1	0	-1	-1	-1	1
rs1023996	3	0	11	7379559	-1	-1	2	-1	-1	-1	1
rs7192724	3	0	16	81924693	-1	-1	11	0	1	0	1
rs115707823	8	1	6	30374976	10696	39739	0	-2	-2	-2	1
rs11552449	2	0	1	113905767	-1	-1	1	-1	-1	-1	1
rs13365225	8	1	8	37000965	12553	66476	0	-2	-2	-2	1
rs12662670	3	0	6	151597721	-1	-1	1	0	2	0	1
rs13074711	8	1	3	172550013	26538	10875	6	-1	-1	-1	1
rs4342822	3	0	1	213850882	-1	-1	1	-1	-1	-1	1
rs10941679	8	1	5	44706396	5588	9797	0	-2	-2	-2	1
rs11571818	3	0	13	32394673	-1	-1	1	-1	-1	-1	1
rs6472903	3	0	8	75318066	-1	-1	0	-2	-2	-2	1
rs4808801	3	0	19	18460331	-1	-1	1	0	0	0	1
rs554219	8	1	11	69516874	21922	124213	1	0	0	0	1
rs2242652	3	0	5	1279913	-1	-1	1	0	0	0	1
rs7075481	8	1	10	8346355	44688	54505	0	-1	-1	-1	1
rs10771399	8	1	12	28002147	29442	131102	1	0	1	1	1
rs865686	19	1	9	108126198	28347	125956	0	-2	-2	-2	1
rs9833888	3	0	3	100004736	-1	-1	1	0	1	1	1
rs3734805	12	0	6	151618215	-1	-1	1	0	2	0	1
rs2943559	3	0	8	75505702	-1	-1	1	0	0	0	1
rs6001930	3	0	22	40480230	-1	-1	1	0	2	2	1
rs9257408	19	1	6	28958443	13906	10687	0	-2	-2	-2	1
rs883013	3	0	2	232350693	-1	-1	0	-2	-2	-2	1
rs527616	3	0	18	26757460	-1	-1	0	-2	-2	-2	1
rs3819405	3	0	6	16399326	-1	-1	1	0	3	2	1
rs17529111	8	1	6	81418669	861480	72770	0	-2	-2	-2	1
rs10771399	8	1	12	28002147	29442	131102	1	0	1	1	1
rs12405132	3	0	1	145790097	-1	-1	6	0	2	2	1
rs11242675	8	1	6	1318643	3885	3055	1	-1	-1	-1	1
rs2059614	3	0	11	125389528	-1	-1	2	0	0	0	1
rs12710696	3	0	2	19121042	-1	-1	0	-2	-2	-2	1
rs2823093	8	1	21	15148511	80674	198141	1	0	2	2	1
rs909116	3	0	11	1920716	-1	-1	12	0	0	0	1
rs3803662	15	0	16	52552429	-1	-1	0	-1	-1	-1	1
rs11075995	3	0	16	53821379	-1	-1	1	2	2	2	1
rs3858207	19	1	10	23061174	22651	34405	1	0	0	0	1
rs11199914	8	1	10	121334387	148421	76529	0	-2	-2	-2	1
rs12479355	8	1	2	226362236	176865	296474	0	-2	-2	-2	1
rs7297051	19	1	12	28021884	49179	111365	1	0	1	1	1
rs13074711	8	1	3	172550013	26538	10875	6	-1	-1	-1	1
rs11907546	8	1	20	34131991	8701	62578	0	-2	-2	-2	1
rs3757318	3	0	6	151592978	-1	-1	0	-1	-1	-1	1
rs7904519	3	0	10	113014168	-1	-1	1	2	3	2	1
rs114962751	3	0	2	201071148	-1	-1	12	0	1	0	1
rs1943466	3	0	11	123393934	-1	-1	0	-2	-2	-2	1
rs9383936	8	1	6	151623479	2286	33212	0	0	0	0	1
rs3750817	3	0	10	121573063	-1	-1	1	0	2	1	1
rs11814448	8	1	10	22026914	23145	136078	1	2	2	2	1
rs17350191	8	1	8	123745421	8019	23018	1	0	0	0	1
rs1562430	3	0	8	127375606	-1	-1	0	-2	-2	-2	1
rs2912774	3	0	10	121589148	-1	-1	1	0	2	1	1
rs13267382	3	0	8	116197325	-1	-1	0	-1	-1	-1	1
rs17142289	3	0	6	6550516	-1	-1	0	-1	-1	-1	1
rs113577745	3	0	2	9995553	-1	-1	1	2	2	1	1
rs2981579	3	0	10	121577821	-1	-1	0	-1	-1	-1	1
rs13025833	3	0	2	79716982	-1	-1	1	0	0	0	1
rs10069690	3	0	5	1279675	-1	-1	1	0	0	0	1
rs4951011	7	0	1	203797203	-1	-1	1	0	2	1	1
rs6585202	3	0	10	113023044	-1	-1	1	2	3	2	1
rs1978503	3	0	18	55997051	-1	-1	0	-2	-2	-2	1
rs1550623	3	0	2	173348166	-1	-1	1	-1	-1	-1	1
rs12710696	3	0	2	19121042	-1	-1	0	-1	-1	-1	1
rs4808075	3	0	19	17279482	-1	-1	1	1	2	2	1
rs889312	8	1	5	56736057	129825	34742	5	0	2	2	1
rs941764	3	0	14	91374725	-1	-1	0	2	3	3	1
rs10069690	3	0	5	1279675	-1	-1	1	0	0	0	1
rs3184504	2	0	12	111446804	-1	-1	11	0	3	3	1
rs12906542	3	0	15	77977130	-1	-1	0	-2	-2	-2	1
rs4784227	3	0	16	52565276	-1	-1	1	0	0	2	1
rs3215401	8	1	5	1296141	1072	13169	1	0	0	0	1
rs114971217	8	1	2	236525150	17615	42637	5	-1	-1	-1	1
rs72826962	3	0	17	42684371	-1	-1	2	0	1	1	1
rs2823093	8	1	21	15148511	80674	198141	1	0	2	2	1
rs28512361	3	0	22	45887417	-1	-1	0	-2	-2	-2	1
rs4973768	12	0	3	27374522	-1	-1	2	0	0	0	1
rs10760444	3	0	9	126634155	-1	-1	1	-1	-1	-1	1
rs9934948	3	0	16	73405456	-1	-1	0	-2	-2	-2	1
rs865686	19	1	9	108126198	28347	125956	1	0	0	0	1
rs28539243	3	0	16	54648152	-1	-1	0	-2	-2	-2	1
rs7297051	19	1	12	28021884	49179	111365	1	0	1	1	1
rs71559437	3	0	7	101909160	-1	-1	1	1	2	1	1
rs9693444	8	1	8	29652100	19456	21822	0	-2	-2	-2	1
rs4245739	12	0	1	204549714	-1	-1	1	2	2	2	1
rs10995190	3	0	10	62518923	-1	-1	0	0	0	0	1
rs67073037	3	0	2	28896719	-1	-1	1	0	0	0	1
rs3757322	12	0	6	151621059	-1	-1	1	0	2	0	1
rs113701136	8	1	19	29786822	71033	25169	1	0	0	0	1
rs17530068	8	1	6	81483392	926203	8047	0	-2	-2	-2	1
rs6562760	8	1	13	73383544	156284	15487	1	0	2	2	1
rs12662670	3	0	6	151597721	-1	-1	1	0	2	0	1
rs2943559	3	0	8	75505702	-1	-1	1	0	0	0	1
rs34005590	8	1	2	217098337	101847	153219	2	-1	-1	-1	1
rs458685	3	0	21	29805194	-1	-1	2	0	2	2	1
rs10022462	3	0	4	88322666	-1	-1	0	-1	-1	-1	1
rs10953105	3	0	7	93992935	-1	-1	12	-1	-1	-1	1
rs12601991	3	0	17	37741642	-1	-1	1	0	0	0	1
rs36194942	8	1	18	27821241	226077	129725	2	0	0	0	1
rs2193094	3	0	16	52532542	-1	-1	1	0	0	2	1
rs8170	9	0	19	17278895	-1	-1	0	-1	-1	-1	1
rs2981578	3	0	10	121580797	-1	-1	1	0	2	1	1
rs10864459	3	0	1	10503552	-1	-1	1	1	2	2	1
rs537626	15	0	11	69492927	-1	-1	1	0	0	0	1
rs1420338	3	0	7	34103644	-1	-1	2	-1	-1	-1	1
rs11199914	8	1	10	121334387	148421	76529	0	-2	-2	-2	1
rs6815814	3	0	4	38814717	-1	-1	0	-2	-2	-2	1
rs1219648	3	0	10	121586676	-1	-1	1	0	2	1	1
rs10474352	3	0	5	91436408	-1	-1	12	-1	-1	-1	1
rs13293114	8	1	9	83217469	15404	1862	0	-1	-1	-1	1
rs12355688	15	0	10	79295869	-1	-1	0	-1	-1	-1	1
rs36194942	8	1	18	27821241	226077	129725	2	0	0	0	1
rs2046210	8	1	6	151627231	6038	29460	1	0	2	0	1
rs4149056	2	0	12	21178615	-1	-1	2	0	0	0	1
rs11571833	5	0	13	32398489	-1	-1	1	-1	-1	-1	1
rs2981582	3	0	10	121592803	-1	-1	1	0	2	1	1
rs12207986	8	1	6	80384570	10001	56160	0	-2	-2	-2	1
rs2731620	8	1	12	19774866	50267	585	0	-2	-2	-2	1
rs3903072	8	1	11	65815595	18376	7427	0	-1	-1	-1	1
rs1707302	3	0	1	46135245	-1	-1	5	1	3	3	1
rs113883744	8	1	5	117038818	249	262286	0	-1	-1	-1	1
rs7931342	8	1	11	69227030	55466	67121	0	-2	-2	-2	1
rs1219648	3	0	10	121586676	-1	-1	1	0	2	1	1
rs11648166	8	1	16	58662802	32917	2307	2	0	2	1	1
rs575018	8	1	5	101043689	140407	538141	2	0	1	1	1
rs6596100	3	0	5	133071366	-1	-1	5	0	2	1	1
rs72749841	8	1	5	50345811	4449841	50381	0	-2	-2	-2	1
rs13281615	3	0	8	127343372	-1	-1	0	-2	-2	-2	1
rs1011970	3	0	9	22062135	-1	-1	1	0	0	0	1
rs11117758	3	0	1	217047232	-1	-1	1	0	0	1	1
rs78269692	3	0	19	13047463	-1	-1	0	-1	-1	-1	1
rs8170	9	0	19	17278895	-1	-1	1	0	0	0	1
rs3903072	8	1	11	65815595	18376	7427	0	-2	-2	-2	1
rs11651604	19	1	17	71440368	142150	155970	0	-1	-1	-1	1
rs16886397	3	0	5	56838449	-1	-1	5	0	2	2	1
rs4784227	3	0	16	52565276	-1	-1	0	-1	-1	-1	1
rs4849887	8	1	2	120487546	21328	55363	0	-2	-2	-2	1
rs4973768	12	0	3	27374522	-1	-1	2	0	0	0	1
rs12422552	19	1	12	14260997	5771	95845	0	-2	-2	-2	1
rs4577244	3	0	2	28897867	-1	-1	1	0	0	0	1
rs2363956	2	0	19	17283315	-1	-1	0	-2	-2	-2	1
rs4973768	12	0	3	27374522	-1	-1	2	0	0	0	1
rs12405132	3	0	1	145790097	-1	-1	0	-1	-1	-1	1
rs74911261	2	0	11	108486410	-1	-1	2	0	0	0	1
rs11075995	3	0	16	53821379	-1	-1	1	2	2	2	1
rs147527678	8	1	6	32699696	31313	6428	0	-2	-2	-2	1
rs2974935	15	0	1	155212052	-1	-1	12	2	2	2	1
rs6562760	8	1	13	73383544	156284	15487	1	0	2	2	1
rs12870942	8	1	13	73232845	5585	166186	1	0	2	2	1
rs4784227	3	0	16	52565276	-1	-1	1	0	0	2	1
rs12493607	3	0	3	30641447	-1	-1	2	-1	-1	-1	1
rs202049448	8	1	12	84615658	165780	55940	0	-2	-2	-2	1
rs6453204	3	0	5	76143375	-1	-1	2	0	0	0	1
rs2981579	3	0	10	121577821	-1	-1	1	0	2	1	1
rs2981579	3	0	10	121577821	-1	-1	1	0	2	1	1
rs2588809	3	0	14	68193711	-1	-1	0	-1	-1	-1	1
rs6569648	3	0	6	130027974	-1	-1	1	0	0	0	1
rs11075995	3	0	16	53821379	-1	-1	1	2	2	2	1
rs146699004	3	0	17	30903503	-1	-1	1	-1	-1	-1	1
rs2300206	3	0	20	34002002	-1	-1	1	3	3	2	1
rs16991615	2	0	20	5967581	-1	-1	1	-1	-1	-1	1
rs7904519	3	0	10	113014168	-1	-1	0	-1	-1	-1	1
rs7726159	3	0	5	1282204	-1	-1	1	0	0	0	1
rs999737	3	0	14	68567965	-1	-1	0	-1	-1	-1	1
rs16970540	12	0	17	35011428	-1	-1	1	1	2	2	1
rs10995190	3	0	10	62518923	-1	-1	0	0	0	0	1
rs2046210	8	1	6	151627231	6038	29460	0	0	0	0	1
rs614367	8	1	11	69513996	19044	127091	2	0	0	0	1
rs745570	8	1	17	79807926	5397	15526	0	-2	-2	-2	1
rs71338792	3	0	19	45679775	-1	-1	2	0	2	2	1
rs10771399	8	1	12	28002147	29442	131102	1	0	1	1	1
rs704010	3	0	10	79081391	-1	-1	1	0	0	0	1
rs6796502	8	1	3	46825376	12802	4166	0	-2	-2	-2	1
rs12467348	3	0	2	18106253	-1	-1	0	-2	-2	-2	1
rs1562430	3	0	8	127375606	-1	-1	0	-2	-2	-2	1
rs34207738	3	0	3	141394028	-1	-1	1	-1	-1	-1	1
rs6788895	3	0	3	150750021	-1	-1	1	0	1	0	1
rs1387389	3	0	1	164720525	-1	-1	1	2	1	2	1
rs6507583	3	0	18	44819625	-1	-1	1	0	1	1	1
rs67958007	8	1	10	9046151	72683	229682	0	-2	-2	-2	1
rs2016394	3	0	2	172108243	-1	-1	0	-1	-1	-1	1
rs115392158	3	0	6	31347004	-1	-1	2	-1	-1	-1	1
rs2420946	3	0	10	121591810	-1	-1	1	0	2	1	1
rs10822013	3	0	10	62492218	-1	-1	0	0	0	0	1
rs13387042	8	1	2	217041109	44619	210447	0	-2	-2	-2	1
rs7297051	19	1	12	28021884	49179	111365	0	-2	-2	-2	1
rs13387042	8	1	2	217041109	44619	210447	0	-2	-2	-2	1
rs132390	3	0	22	29225488	-1	-1	2	0	0	1	1
rs6878584	8	1	5	174280232	36731	49380	0	-2	-2	-2	1
rs2432539	3	0	16	56387075	-1	-1	1	0	2	1	1
rs6001930	3	0	22	40480230	-1	-1	1	0	2	2	1
rs12048493	3	0	1	149955122	-1	-1	0	-2	-2	-2	1
rs56069439	15	0	19	17283116	-1	-1	0	-1	-1	-1	1
rs4784227	3	0	16	52565276	-1	-1	1	0	0	2	1
rs10759243	8	1	9	107543834	218	119306	0	-2	-2	-2	1
rs11075995	3	0	16	53821379	-1	-1	1	2	2	2	1
rs3817198	3	0	11	1887776	-1	-1	12	0	0	0	1
rs12998806	8	1	2	217029040	32550	222516	0	-2	-2	-2	1
rs704	2	0	17	28367840	-1	-1	2	0	0	0	0
rs10851907	8	1	15	78623522	2227	597	0	-2	-2	-2	0
rs117992292	8	1	19	46294038	33180	3008	1	1	2	2	0
rs10041997	8	1	5	120862616	71838	177474	0	0	2	2	0
rs61812598	3	0	1	154447611	-1	-1	2	-1	-1	-1	0
rs61554960	3	0	16	51244622	-1	-1	0	-1	-1	-1	0
rs76493495	3	0	5	169092117	-1	-1	2	0	0	0	0
rs9928094	3	0	16	53765993	-1	-1	1	2	2	2	0
rs143609523	3	0	18	35685266	-1	-1	0	-2	-2	-2	0
rs4674940	9	0	2	224805279	-1	-1	11	0	0	3	0
rs73029263	8	1	6	163692730	104565	11174	0	-1	-1	-1	0
rs6545278	8	1	2	52478914	4503	15774	0	-1	-1	-1	0
rs11227227	3	0	11	65571907	-1	-1	0	-1	-1	-1	0
rs76000727	3	0	19	40589394	-1	-1	0	-2	-2	-2	0
rs12427353	3	0	12	120989098	-1	-1	1	0	0	0	0
rs8079868	3	0	17	10617383	-1	-1	5	0	0	0	0
rs8056446	3	0	16	78154599	-1	-1	1	0	2	2	0
rs2245368	15	0	7	76978826	-1	-1	0	-1	-1	-1	0
rs62143206	3	0	19	53822958	-1	-1	1	0	1	1	0
rs7131627	3	0	11	113429107	-1	-1	0	-2	-2	-2	0
rs2230926	2	0	6	137874929	-1	-1	1	1	1	1	0
rs1931814	3	0	6	61879262	-1	-1	1	0	2	1	0
rs66567989	3	0	18	660442	-1	-1	1	0	1	1	0
rs7521555	3	0	1	89734641	-1	-1	0	-1	-1	-1	0
rs1776883	8	1	6	34188667	33045	1113	2	0	0	0	0
rs7894722	8	0	10	9930083	-1	-1	0	-1	-1	-1	0
rs200174418	3	0	5	75449704	-1	-1	1	1	2	2	0
rs1318937	8	1	3	15253857	941	327	18	0	0	0	0
rs1105307	12	0	9	69431124	-1	-1	1	-1	-1	-1	0
rs28453840	3	0	2	135765371	-1	-1	55	2	2	2	0
rs72807203	3	0	2	77065474	-1	-1	2	-1	-1	-1	0
rs78773383	3	0	4	39364100	-1	-1	1	2	2	2	0
rs1522803	19	1	2	226155805	162608	24239	0	-2	-2	-2	0
rs4795399	3	0	17	39905186	-1	-1	2	0	1	0	0
rs10091038	8	1	8	29502788	142566	24524	0	-1	-1	-1	0
rs2704588	3	0	4	88928621	-1	-1	114	1	2	1	0
rs11668290	8	1	19	46292921	32063	4125	1	1	2	2	0
rs6958858	3	0	7	149269858	-1	-1	1	-1	-1	-1	0
rs62022112	3	0	15	85466377	-1	-1	1	1	3	3	0
rs1158058	8	1	6	71016836	59798	58728	0	-2	-2	-2	0
rs658912	3	0	5	82316660	-1	-1	0	-2	-2	-2	0
rs673335	8	1	11	75739531	6573	2598	0	-1	-1	-1	0
rs77464186	3	0	11	72749353	-1	-1	6	0	2	2	0
rs7225002	3	0	17	46111701	-1	-1	0	-1	-1	-1	0
rs115569272	8	1	6	32995105	13600	9077	0	-2	-2	-2	0
rs597205	3	0	1	111870400	-1	-1	0	-1	-1	-1	0
rs704	2	0	17	28367840	-1	-1	2	0	0	0	0
rs112779011	3	0	1	227193355	-1	-1	0	-1	-1	-1	0
rs4903318	8	1	14	75399932	103294	23751	0	-1	-1	-1	0
rs12439619	3	0	15	82254605	-1	-1	0	-1	-1	-1	0
rs140868651	3	0	19	19321482	-1	-1	1	-1	-1	-1	0
rs4712006	3	0	6	52380617	-1	-1	158	2	2	0	
rs2396359	2	0	19	1819126	-1	-1	1	0	2	2	0
rs889138	3	0	19	33401503	-1	-1	0	-1	-1	-1	0
rs2373124	8	1	7	86200956	564612	15829	0	-1	-1	-1	0
rs117096873	3	0	16	11293103	-1	-1	1	-1	-1	-1	0
rs74929147	8	1	19	18302251	16756	3979	0	-1	-1	-1	0
rs497338	19	1	10	758375	13417	48539	0	2	2	2	0
rs10840060	3	0	11	8478498	-1	-1	5	1	3	1	0
rs192264222	3	0	4	104904293	-1	-1	0	-2	-2	-2	0
rs35258188	2	0	15	53705141	-1	-1	100	0	0	0	0
rs6687993	19	1	1	31099724	4166	8464	0	-1	-1	-1	0
rs1029296	8	1	6	32888604	8756	7812	0	-2	-2	-2	0
rs11123155	3	0	2	113032681	-1	-1	0	-1	-1	-1	0
rs9939609	3	0	16	53786615	-1	-1	1	2	2	2	0
rs62257807	3	0	3	50892442	-1	-1	15	0	0	0	0
rs2954021	3	0	8	125469835	-1	-1	1	-1	-1	-1	0
rs78647349	3	0	4	5235426	-1	-1	5	-1	-1	-1	0
rs9821489	3	0	3	53541701	-1	-1	2	0	1	0	0
rs114685959	3	0	3	60851944	-1	-1	1	2	2	0	
rs1018234	3	0	6	160375026	-1	-1	2	0	0	0	0
rs74480769	3	0	5	40972109	-1	-1	2	0	0	0	0
rs35971989	3	0	3	51431798	-1	-1	0	-1	-1	-1	0
rs739385	8	1	7	93053295	81996	46218	0	-1	-1	-1	0
rs2794520	8	1	1	159709026	3419	3263	2	-1	-1	-1	0
rs1953126	3	0	9	120878222	-1	-1	6	0	0	0	0
rs459193	19	1	5	56510924	5852	643	0	-2	-2	-2	0
rs111722075	3	0	6	25373818	-1	-1	0	-1	-1	-1	0
rs201631095	3	0	19	8208085	-1	-1	2	-1	-1	-1	0
rs2229774	2	0	12	53211761	-1	-1	1	1	2	2	0
rs10012307	8	1	4	136605429	51690	191293	0	-1	-1	-1	0
rs138057093	19	1	18	9675026	26524	3222	5	1	1	0	
rs186808650	7	0	10	119029751	-1	-1	6	0	2	2	0
rs7542665	2	0	1	62207365	-1	-1	0	-1	-1	-1	0
rs10761723	3	0	10	63195821	-1	-1	1	0	1	0	0
rs739401	3	0	11	3015094	-1	-1	5	2	2	1	0
rs10787453	3	0	10	112624298	-1	-1	0	-1	-1	-1	0
rs17843797	3	0	3	124734175	-1	-1	1	-1	-1	-1	0
rs141012826	3	0	13	93326445	-1	-1	0	-1	-1	-1	0
rs11627756	3	0	14	102630269	-1	-1	1	3	2	2	0
rs34247288	9	0	20	31372984	-1	-1	2	-1	-1	-1	0
rs560426	3	0	1	94087882	-1	-1	1	1	2	0	0
rs7931563	8	1	11	61678953	23251	1438	0	-2	-2	-2	0
rs2243834	3	0	2	26134879	-1	-1	5	1	2	2	0
rs11683361	3	0	2	111622982	-1	-1	0	-1	-1	-1	0
rs1063281	12	0	2	217804009	-1	-1	11	1	1	0	0
rs6828434	3	0	4	139545450	-1	-1	1	0	1	0	0
rs11206510	8	1	1	55030366	13194	9182	2	-1	-1	-1	0
rs114176245	8	1	11	102848803	5194	13933	0	-2	-2	-2	0
rs1650505	8	1	5	158602726	14180	93190	1	-1	-1	-1	0
rs56160517	3	0	19	12861119	-1	-1	5	0	0	0	0
rs4432538	3	0	20	8626746	-1	-1	1	0	0	0	0
rs7147087	3	0	14	58769589	-1	-1	0	-1	-1	-1	0
rs10749053	3	0	10	110816937	-1	-1	1	0	0	0	0
rs7554511	3	0	1	200908434	-1	-1	0	-1	-1	-1	0
rs445	3	0	7	92779056	-1	-1	1	2	2	2	0
rs11581730	8	1	1	155109682	22144	10808	2	0	3	1	0
rs11676124	3	0	2	102324878	-1	-1	2	-1	-1	-1	0
rs4945829	3	0	6	109317625	-1	-1	0	-1	-1	-1	0
rs7212510	3	0	17	28376663	-1	-1	2	0	0	0	0
rs4972489	8	1	2	175869870	26568	27466	0	-1	-1	-1	0
rs263232	3	0	8	130795923	-1	-1	2	0	1	1	0
rs141507877	3	0	3	195894179	-1	-1	1	0	2	2	0
rs78588220	8	1	16	88390762	88251	36709	0	-1	-1	-1	0
rs7659227	3	0	4	65630452	-1	-1	0	-2	-2	-2	0
rs6101273	8	1	20	61227602	147423	24659	2	-1	-1	-1	0
rs7188861	3	0	16	11360793	-1	-1	1	0	2	2	0
rs151288400	3	0	7	100360372	-1	-1	2	2	2	0	
rs1533988	19	1	7	1253374	16048	13979	1	-1	-1	-1	0
rs2846630	3	0	11	114086475	-1	-1	1	0	1	1	0
rs3134900	2	0	6	31506180	-1	-1	2	-1	-1	-1	0
rs232464	3	0	21	21323001	-1	-1	0	-2	-2	-2	0
rs11755054	8	1	6	22656836	2381	87559	0	-2	-2	-2	0
rs9573980	12	0	13	77016606	-1	-1	1	-1	-1	-1	0
rs11762784	8	1	7	130739885	5709	50323	1	-1	-1	-1	0
rs12949545	8	1	17	7301655	7016	5344	0	-2	-2	-2	0
rs2068229	3	0	3	141904462	-1	-1	2	1	2	0	0
rs7955910	3	0	12	122169835	-1	-1	61	-1	-1	-1	0
rs10100265	3	0	8	10775649	-1	-1	1	2	2	1	0
rs11010013	8	1	10	34882190	6768	44585	2	0	1	0	0
rs6993770	3	0	8	105569300	-1	-1	1	1	2	2	0
rs75165347	3	0	10	116851824	-1	-1	13	0	0	0	0
rs6824567	3	0	4	2881445	-1	-1	0	-1	-1	-1	0
rs27524	3	0	5	96766240	-1	-1	2	2	2	2	0
rs13413443	3	0	2	165816439	-1	-1	0	-2	-2	-2	0
rs660240	12	0	1	109275216	-1	-1	2	-1	-1	-1	0
rs777022284	3	0	9	137477024	-1	-1	1	2	3	3	0
rs7334078	3	0	13	98468230	-1	-1	0	-1	-1	-1	0
rs2011905	3	0	15	86510615	-1	-1	6	-1	-1	-1	0
rs35049342	3	0	5	3433534	-1	-1	0	-2	-2	-2	0
rs111882035	3	0	4	85495401	-1	-1	11	0	1	1	0
rs11085824	14	1	19	12890733	3534	427	5	0	2	0	0
rs3804795	3	0	3	3088961	-1	-1	2	-1	-1	-1	0
rs4416442	3	0	4	88945562	-1	-1	114	1	2	1	0
rs34093919	2	0	19	40611394	-1	-1	0	-1	-1	-1	0
rs41314284	12	0	1	226602300	-1	-1	0	-2	-2	-2	0
rs148411008	3	0	2	170797762	-1	-1	0	-1	-1	-1	0
rs569550	3	0	11	1865838	-1	-1	12	0	0	0	0
rs9826470	3	0	3	37977937	-1	-1	0	-1	-1	-1	0
rs34061361	3	0	13	28044450	-1	-1	1	-1	-1	-1	0
rs61745454	2	0	5	151187456	-1	-1	0	0	2	2	0
rs7696431	3	0	4	168766574	-1	-1	1	0	1	1	0
rs6801153	8	1	3	24072206	91588	24063	0	-1	-1	-1	0
rs2690935	8	1	7	101767398	138102	48506	0	-1	-1	-1	0
rs229527	2	0	22	37185445	-1	-1	2	0	0	0	0
rs11639372	3	0	15	78674313	-1	-1	2	-1	-1	-1	0
rs13162653	8	1	5	16187419	1834	4669	0	-2	-2	-2	0
rs139939228	3	0	5	132528343	-1	-1	0	-2	-2	-2	0
rs1724425	3	0	17	45704381	-1	-1	0	-1	-1	-1	0
rs761426	3	0	1	17087404	-1	-1	0	0	3	1	0
rs907612	7	0	11	1852991	-1	-1	12	0	0	0	0
rs4690774	3	0	4	143164174	-1	-1	0	-1	-1	-1	0
rs10922109	3	0	1	196735502	-1	-1	2	0	0	0	0
rs10499	12	0	16	28904206	-1	-1	0	0	2	2	0
rs155960	3	0	5	96463997	-1	-1	0	-1	-1	-1	0
rs35791980	3	0	7	77312230	-1	-1	0	-1	-1	-1	0
rs1928244	3	0	9	38058668	-1	-1	0	-1	-1	-1	0
rs2624816	3	0	3	50079879	-1	-1	1	1	2	2	0
rs35150201	14	1	7	135661514	867	982	0	-1	-1	-1	0
rs918959	3	0	2	180649002	-1	-1	0	-2	-2	-2	0
rs11219769	3	0	11	124750251	-1	-1	2	0	2	1	0
rs58548501	8	1	4	54635120	27989	22798	0	-2	-2	-2	0
rs113108263	3	0	16	71012619	-1	-1	0	0	0	0	0
rs73040036	8	1	3	23136443	1619	58627	0	-1	-1	-1	0
rs9649465	3	0	7	123736506	-1	-1	0	-2	-2	-2	0
rs4373117	3	0	4	144399368	-1	-1	0	-2	-2	-2	0
rs4074672	3	0	3	184012507	-1	-1	0	-1	-1	-1	0
rs35489971	2	0	17	74704804	-1	-1	2	0	0	0	0
rs7212578	3	0	17	81420736	-1	-1	0	-1	-1	-1	0
rs11072811	3	0	15	78839988	-1	-1	2	-1	-1	-1	0
rs35060063	8	1	3	194956076	123484	112208	0	-2	-2	-2	0
rs672948	8	1	21	43373568	7002	40915	1	2	3	3	0
rs2714337	3	0	6	7240344	-1	-1	1	0	2	1	0
rs935116	8	1	15	87430512	383351	1546	0	-1	-1	-1	0
rs2288327	3	0	2	178546938	-1	-1	1	0	0	0	0
rs940904	3	0	12	123007025	-1	-1	6	1	1	2	0
rs7135989	3	0	12	48261485	-1	-1	0	-2	-2	-2	0
rs3100127	8	1	1	202191842	2387	2059	2	0	3	0	0
rs7197830	3	0	16	49755426	-1	-1	0	-2	-2	-2	0
rs17033506	8	1	3	35598334	341388	40611	0	-2	-2	-2	0
rs28384181	8	1	19	32339430	95347	6164	0	-1	-1	-1	0
rs186606513	7	0	2	96816264	-1	-1	2	2	3	2	0
rs45496701	12	0	1	33300620	-1	-1	0	-1	-1	-1	0
rs7925908	3	0	11	131276855	-1	-1	2	0	0	0	0
rs4787491	15	0	16	30004016	-1	-1	0	-1	-1	-1	0
rs9835332	2	0	3	56633654	-1	-1	0	-1	-1	-1	0
rs10818930	8	1	9	124228906	195605	28700	1	0	0	0	0
rs9838792	3	0	3	38505235	-1	-1	5	0	1	1	0
rs10861661	3	0	12	106780868	-1	-1	1	0	0	0	0
rs7212510	3	0	17	28376663	-1	-1	2	0	0	0	0
rs2239547	3	0	3	52821213	-1	-1	2	0	0	0	0
rs3106806	3	0	3	190103894	-1	-1	0	-1	-1	-1	0
rs4765127	3	0	12	123975620	-1	-1	1	-1	-1	-1	0
rs138809958	3	0	10	70271142	-1	-1	2	-1	-1	-1	0
rs13131930	3	0	4	155693032	-1	-1	5	-1	-1	-1	0
rs62143198	3	0	19	53817685	-1	-1	1	0	1	1	0
rs116461311	3	0	4	20329377	-1	-1	2	0	0	0	0
rs2834512	3	0	21	34539301	-1	-1	1	0	2	0	0
rs201734206	2	0	8	73071865	-1	-1	0	-1	-1	-1	0
rs79060400	9	0	11	56701218	-1	-1	2	-1	-1	-1	0
rs2018683	8	1	7	28974579	15234	5388	0	-2	-2	-2	0
rs10074415	8	1	5	74252539	149323	6150	0	-2	-2	-2	0
rs3027234	15	0	17	8232774	-1	-1	1	-1	-1	-1	0
rs3742015	3	0	12	109579320	-1	-1	5	0	2	2	0
rs3844368	3	0	12	55707297	-1	-1	0	-1	-1	-1	0
rs80171383	3	0	11	46063126	-1	-1	1	2	1	2	0
rs2736100	3	0	5	1286401	-1	-1	1	0	0	0	0
rs140144628	8	1	16	50991515	90452	26029	0	-1	-1	-1	0
rs117582141	8	1	10	92804854	94246	29859	0	-1	-1	-1	0
rs180869103	8	1	7	27293230	23552	35377	0	-1	-1	-1	0
rs7775721	3	0	6	96609103	-1	-1	1	-1	-1	-1	0
rs150713181	3	0	6	38371756	-1	-1	102	0	0	0	0
rs1461729	3	0	8	9329732	-1	-1	0	-1	-1	-1	0
rs385893	19	1	9	4763176	21133	5441	0	-2	-2	-2	0
rs17603933	8	1	8	8310952	66087	6784	5	-1	-1	-1	0
rs1888560	3	0	14	20696086	-1	-1	2	-1	-1	-1	0
rs1840221	3	0	19	4932267	-1	-1	1	0	1	0	0
rs9975345	3	0	21	46423090	-1	-1	157	0	1	1	0
rs11708067	3	0	3	123346931	-1	-1	2	-1	-1	-1	0
rs7955901	3	0	12	71039513	-1	-1	2	0	0	0	0
rs7778619	8	1	7	10110349	128532	112448	0	-2	-2	-2	0
rs10087081	3	0	8	11117407	-1	-1	12	-1	-1	-1	0
rs2145272	8	1	20	6645571	117112	85687	1	-1	-1	-1	0
rs8099014	8	1	18	58442627	24999	3648	0	-1	-1	-1	0
rs1697692	3	0	3	107588656	-1	-1	1	0	2	0	0
rs11098739	3	0	4	124156708	-1	-1	0	-1	-1	-1	0
rs9367279	3	0	6	47480600	-1	-1	12	0	3	2	0
rs365836	3	0	7	102166571	-1	-1	1	1	2	1	0
rs4889891	2	0	17	79794855	-1	-1	1	0	2	2	0
rs41264869	15	0	1	205061734	-1	-1	2	0	0	0	0
rs7182946	3	0	15	31102665	-1	-1	12	0	0	0	0
rs28866311	8	1	15	41149997	33643	7178	0	-1	-1	-1	0
rs10806425	3	0	6	90216893	-1	-1	1	0	3	1	0
rs7787893	8	1	7	22734818	2816	12857	0	-1	-1	-1	0
rs7395662	8	1	11	48497341	61	14932	2	0	1	0	0
rs7130753	8	1	11	111599843	38098	2606	2	0	2	3	0
rs1448903	3	0	2	206444237	-1	-1	2	1	2	2	0
rs2476601	2	0	1	113834946	-1	-1	1	2	2	2	0
rs140522	19	1	22	50532837	257	9468	0	-1	-1	-1	0
rs139745911	2	0	6	127446809	-1	-1	2	-1	-1	-1	0
rs429358	2	0	19	44908684	-1	-1	1	0	0	0	0
rs6664388	3	0	1	15581747	-1	-1	1	0	2	2	0
rs933561	3	0	16	49840765	-1	-1	1	-1	-1	-1	0
rs9820695	8	1	3	103612639	72152	18022	0	-2	-2	-2	0
rs10846167	3	0	12	15363011	-1	-1	2	0	0	0	0
rs8105753	19	1	19	31436641	9339	29012	1	2	2	2	0
rs2063886	8	1	3	181221	126875	14537	2	0	0	1	0
rs367166	3	0	21	36548079	-1	-1	12	-1	-1	-1	0
rs440837	8	1	8	80549739	6635	9131	1	3	3	2	0
rs7402982	3	0	15	98650040	-1	-1	2	0	1	1	0
rs1353899	3	0	3	177511191	-1	-1	0	-2	-2	-2	0
rs62466318	8	1	7	73627755	3212	40076	1	-1	-1	-1	0
rs4310999	8	1	2	210885574	206467	219360	1	0	0	0	0
rs704	2	0	17	28367840	-1	-1	2	0	0	0	0
rs8009773	19	1	14	98725293	7527	119603	0	-1	-1	-1	0
rs772031	3	0	10	102261784	-1	-1	0	-1	-1	-1	0
rs7599312	19	1	2	212548507	9666	32850	1	0	2	2	0
rs72743461	3	0	15	67149412	-1	-1	0	-1	-1	-1	0
rs1700874	8	1	1	219009516	93332	77086	0	-1	-1	-1	0
rs9938149	3	0	16	88298034	-1	-1	0	-1	-1	-1	0
rs2653559	3	0	11	8878847	-1	-1	0	-1	-1	-1	0
rs11986935	3	0	8	10834039	-1	-1	1	0	1	1	0
rs2338016	3	0	2	28462065	-1	-1	0	-1	-1	-1	0
rs67877276	14	1	5	176416883	314	22207	0	-1	-1	-1	0
rs3822939	3	0	6	133528651	-1	-1	0	-1	-1	-1	0
rs9273364	19	1	6	32658525	11463	942	2	0	1	2	0
rs2725236	8	1	4	87997954	14528	2283	0	-2	-2	-2	0
rs708886	3	0	12	119520897	-1	-1	0	-1	-1	-1	0
rs72681869	2	0	14	50188639	-1	-1	0	-1	-1	-1	0
rs7823467	8	1	8	59166175	28673	289710	1	0	1	1	0
rs12792526	8	1	11	130659324	111895	7411	2	0	0	0	0
rs715	12	0	2	210678331	-1	-1	1	0	0	0	0
rs4853525	8	1	2	190872738	164022	8059	0	-2	-2	-2	0
rs11205303	2	0	1	149934520	-1	-1	11	0	0	2	0
rs202007714	2	0	3	66383098	-1	-1	2	0	1	2	0
rs2250417	3	0	11	112214593	-1	-1	2	0	2	0	0
rs7319358	19	1	13	78976799	66257	113984	0	-2	-2	-2	0
rs9509989	3	0	13	22069427	-1	-1	0	-1	-1	-1	0
rs907611	19	1	11	1852842	11162	128	12	0	0	0	0
rs11727676	9	0	4	144737912	-1	-1	2	-1	-1	-1	0
rs7412	2	0	19	44908822	-1	-1	1	0	0	0	0
rs836788	3	0	5	80616225	-1	-1	1	0	2	0	0
rs13200945	8	1	6	130768937	71159	58469	0	-1	-1	-1	0
rs58950082	3	0	7	53790128	-1	-1	0	-1	-1	-1	0
rs9856151	3	0	3	131855641	-1	-1	89	0	0	0	0
rs2050058	3	0	20	41278348	-1	-1	1	-1	-1	-1	0
rs113809617	2	0	9	137205865	-1	-1	1	0	1	1	0
rs7236339	8	1	18	79819773	3244	43895	0	-2	-2	-2	0
rs7557092	3	0	2	151566945	-1	-1	0	-1	-1	-1	0
rs926070	3	0	6	32289789	-1	-1	0	-1	-1	-1	0
rs8008002	8	1	14	75398980	102342	24703	0	-1	-1	-1	0
rs2832227	3	0	21	29160755	-1	-1	1	2	3	0	0
rs16944558	3	0	18	442441	-1	-1	2	0	0	0	0
rs149053406	3	0	10	101692045	-1	-1	43	0	0	2	0
rs11473501	19	1	2	113106902	19991	312	2	0	0	0	0
rs66782572	2	0	3	52533601	-1	-1	5	0	2	2	0
rs679711	15	0	3	109810703	-1	-1	0	-2	-2	-2	0
rs3184504	2	0	12	111446804	-1	-1	11	0	3	3	0
rs904974	19	1	15	70155243	57067	37993	1	0	1	0	0
rs80103986	3	0	17	46147574	-1	-1	1	0	2	0	0
rs10790268	8	1	11	118858682	22571	25084	2	0	2	1	0
rs112371874	8	1	7	115917358	83985	17790	0	-2	-2	-2	0
rs12630213	3	0	3	14912904	-1	-1	6	0	2	1	0
rs967645	3	0	17	28386951	-1	-1	17	0	1	1	0
rs2894254	3	0	6	32377912	-1	-1	2	-1	-1	-1	0
rs6676300	19	1	1	11865243	6298	12527	2	-1	-1	-1	0
rs202049448	8	1	12	84615658	165780	55940	0	-2	-2	-2	0
rs4630562	3	0	16	30489664	-1	-1	2	0	0	0	0
rs13290326	3	0	9	113934345	-1	-1	1	-1	-1	-1	0
rs72763726	19	1	5	82749027	161616	16377	0	-2	-2	-2	0
rs10919388	8	1	1	170403362	32995	57091	1	0	2	2	0
rs4851254	19	1	2	100146475	3736	61779	1	0	1	1	0
rs582757	3	0	6	137876687	-1	-1	1	1	1	1	0
rs4664602	3	0	2	152686071	-1	-1	0	-1	-1	-1	0
rs12600452	3	0	17	46977198	-1	-1	0	-1	-1	-1	0
rs7940866	8	1	11	130947684	31175	56444	12	0	0	0	0
rs9385399	3	0	6	126437887	-1	-1	0	-1	-1	-1	0
rs25884	19	1	5	132076545	375	3521	0	-1	-1	-1	0
rs212417	3	0	7	105854517	-1	-1	0	0	2	1	0
rs4785495	3	0	16	51033054	-1	-1	0	-1	-1	-1	0
rs8043085	3	0	15	38535939	-1	-1	6	-1	-1	-1	0
rs145228677	8	1	17	14641688	220662	63388	0	-2	-2	-2	0
rs2725261	3	0	4	88115201	-1	-1	1	0	0	0	0
rs35210477	3	0	7	56044524	-1	-1	5	0	2	2	0
rs114381917	3	0	3	65559892	-1	-1	1	0	2	1	0
rs7260538	3	0	19	41008135	-1	-1	2	0	0	0	0
rs60146811	3	0	19	18110403	-1	-1	0	-1	-1	-1	0
rs12894936	3	0	14	100380654	-1	-1	100	2	2	2	0
rs190135744	8	1	4	32917220	564000	93728	0	-2	-2	-2	0
rs4584690	3	0	13	95027878	-1	-1	2	0	0	0	0
rs226090	3	0	17	35707040	-1	-1	0	-1	-1	-1	0
rs11663816	8	1	18	60208994	10822	85157	1	0	1	0	0
rs574509444	3	0	12	41565450	-1	-1	6	0	0	0	0
rs111741722	3	0	2	233757337	-1	-1	2	0	0	0	0
rs13206405	3	0	6	72954091	-1	-1	12	0	1	0	0
rs7596264	3	0	2	143411066	-1	-1	11	-1	-1	-1	0
rs7677035	3	0	4	144516167	-1	-1	0	-2	-2	-2	0
rs75736976	3	0	16	48368670	-1	-1	0	-1	-1	-1	0
rs3783007	3	0	13	98457562	-1	-1	1	1	2	2	0
rs76765968	3	0	10	85934535	-1	-1	2	-1	-1	-1	0
rs7212510	3	0	17	28376663	-1	-1	17	0	1	1	0
rs3184504	2	0	12	111446804	-1	-1	11	0	3	3	0
rs4965006	3	0	12	131934988	-1	-1	0	-2	-2	-2	0
rs11666569	15	0	19	17103263	-1	-1	5	0	2	2	0
rs1719271	3	0	15	64891602	-1	-1	2	0	0	0	0
rs58376190	3	0	8	127452704	-1	-1	1	-1	-1	-1	0
rs8029440	8	1	15	90866284	10077	2304	2	0	1	0	0
rs7209400	3	0	17	49372695	-1	-1	0	-1	-1	-1	0
rs9830359	3	0	3	85347968	-1	-1	0	-1	-1	-1	0
rs855791	2	0	22	37066896	-1	-1	1	-1	-1	-1	0
rs7535528	2	0	1	2512975	-1	-1	0	-1	-1	-1	0
rs212526	3	0	1	21258448	-1	-1	0	-1	-1	-1	0
rs75077113	3	0	1	11154525	-1	-1	0	-1	-1	-1	0
rs7306438	3	0	12	15124179	-1	-1	0	-1	-1	-1	0
rs118064296	8	1	16	67025644	5827	3340	0	-1	-1	-1	0
rs12135881	3	0	1	4721862	-1	-1	12	-1	-1	-1	0
rs17803780	3	0	9	4849647	-1	-1	1	-1	-1	-1	0
rs7004587	8	1	8	107028124	46553	145076	0	-2	-2	-2	0
rs12299509	3	0	12	4297115	-1	-1	1	0	0	0	0
rs1444766	3	0	3	124206424	-1	-1	2	0	1	1	0
rs28498976	19	1	4	31149735	2930	21409	2	0	1	1	0
rs144442299	3	0	15	54002995	-1	-1	6	-1	-1	-1	0
rs74715904	8	1	4	45176064	124412	147189	1	0	3	3	0
rs13141641	3	0	4	144585304	-1	-1	2	-1	-1	-1	0
rs4410768	3	0	6	31121931	-1	-1	2	0	0	0	0
rs573617232	3	0	14	102845519	-1	-1	6	0	0	0	0
rs77544685	8	1	11	116082456	130965	414443	0	-2	-2	-2	0
rs1887428	7	0	9	4984530	-1	-1	1	0	1	2	0
rs116843064	2	0	19	8364439	-1	-1	2	0	0	0	0
rs73351820	3	0	10	102810527	-1	-1	12	0	2	0	0
rs1175550	3	0	1	3774964	-1	-1	0	-1	-1	-1	0
rs31864	3	0	5	158793185	-1	-1	1	-1	-1	-1	0
rs1559278	8	1	5	51498387	36298	388301	0	-1	-1	-1	0
rs6598858	8	1	1	26583274	8244	9969	1	1	2	2	0
rs10775360	3	0	17	70329727	-1	-1	12	1	3	3	0
rs62055546	3	0	17	45887201	-1	-1	2	0	2	1	0
rs7691456	3	0	4	100706625	-1	-1	0	-2	-2	-2	0
rs1261078	19	1	18	55199560	52915	22771	1	2	2	2	0
rs401599	3	0	20	14830831	-1	-1	0	-2	-2	-2	0
rs4959130	8	1	6	1356681	32659	27109	1	-1	-1	-1	0
rs37060	5	0	16	58532400	-1	-1	1	1	3	3	0
rs145463728	3	0	13	43665045	-1	-1	0	-1	-1	-1	0
rs7786095	3	0	7	157191153	-1	-1	1	2	2	2	0
rs117329947	3	0	12	105391125	-1	-1	0	2	1	1	0
rs79316200	3	0	17	82935712	-1	-1	12	-1	-1	-1	0
rs3791679	3	0	2	55869757	-1	-1	2	0	0	0	0
rs62380354	3	0	5	90189094	-1	-1	0	-1	-1	-1	0
rs3020623	3	0	7	101129564	-1	-1	0	-1	-1	-1	0
rs11022756	3	0	11	13293892	-1	-1	1	0	2	2	0
rs11960210	3	0	5	158390626	-1	-1	0	-1	-1	-1	0
rs7255672	15	0	19	13839507	-1	-1	0	-1	-1	-1	0
rs2860031	8	1	1	30052867	15255	87396	0	-2	-2	-2	0
rs62392365	3	0	6	25371141	-1	-1	0	-1	-1	-1	0
rs1799895	2	0	4	24800212	-1	-1	1	0	1	0	0
rs5030044	3	0	3	186731333	-1	-1	2	0	0	0	0
rs4841132	15	0	8	9326086	-1	-1	0	-1	-1	-1	0
rs3219090	3	0	1	226376990	-1	-1	1	2	2	3	0
rs761164	19	1	1	39885979	2468	9447	0	-1	-1	-1	0
rs35621564	19	1	7	20547220	131466	34852	0	-1	-1	-1	0
rs943466	8	1	6	33764010	17105	7192	1	2	3	3	0
rs76142193	3	0	4	97621608	-1	-1	0	-1	-1	-1	0
rs34864445	3	0	3	136104082	-1	-1	6	2	1	0	
rs2342406	3	0	2	44925609	-1	-1	1	-1	-1	-1	0
rs76082815	2	0	13	75821206	-1	-1	1	0	0	0	0
rs117006983	3	0	16	70721707	-1	-1	12	0	1	1	0
rs11591147	2	0	1	55039974	-1	-1	2	-1	-1	-1	0
rs12127002	19	1	1	39919296	37618	25594	0	-1	-1	-1	0
rs11672691	15	0	19	41479679	-1	-1	0	-1	-1	-1	0
rs4866650	8	1	5	2448476	186453	264115	0	-2	-2	-2	0
rs5995177	3	0	22	35913505	-1	-1	1	2	1	2	0
rs4968200	8	1	17	7545140	7944	3918	2	-1	-1	-1	0
rs2035935	3	0	3	141587171	-1	-1	6	0	1	1	0
rs35285455	2	0	11	66043141	-1	-1	0	-1	-1	-1	0
rs11762784	8	1	7	130739885	5709	50323	1	-1	-1	-1	0
rs10125337	19	1	9	94681756	41507	44945	5	0	1	0	0
rs9384488	19	1	6	156688247	25810	85970	1	1	2	2	0
rs25981	3	0	5	107487207	-1	-1	2	0	2	0	0
rs12133576	3	0	1	93350843	-1	-1	0	-1	-1	-1	0
rs3904778	3	0	9	16681995	-1	-1	1	0	0	0	0
rs7903146	3	0	10	112998590	-1	-1	1	2	3	2	0
rs11710077	3	0	3	38616408	-1	-1	2	-1	-1	-1	0
rs7240432	3	0	18	9590898	-1	-1	0	-2	-2	-2	0
rs12287212	8	1	11	14428315	63809	12472	0	-1	-1	-1	0
rs62143197	3	0	19	53817462	-1	-1	1	0	1	1	0
rs72953990	19	1	1	87599174	145801	21629	1	0	2	1	0
rs12136737	3	0	1	184482448	-1	-1	0	-2	-2	-2	0
rs11881751	3	0	19	4997409	-1	-1	1	-1	-1	-1	0
rs10790969	3	0	11	128659947	-1	-1	1	-1	-1	-1	0
rs9893132	8	1	17	40598769	184	26193	2	0	0	0	0
rs4977726	3	0	9	21503813	-1	-1	0	-1	-1	-1	0
rs704	2	0	17	28367840	-1	-1	2	0	0	0	0
rs147622113	3	0	19	10661265	-1	-1	1	-1	-1	-1	0
rs2373011	3	0	12	99567571	-1	-1	1	0	0	0	0
rs17037390	15	0	1	11800786	-1	-1	52	0	0	0	0
rs61903723	19	1	11	90235078	8540	16126	0	-2	-2	-2	0
rs11748023	3	0	5	140178999	-1	-1	12	0	0	0	0
rs1858001	8	1	1	207314659	5367	6717	2	0	0	0	0
rs838145	15	0	19	48745473	-1	-1	2	0	0	0	0
rs591118	3	0	11	104095993	-1	-1	2	0	0	0	0
rs7555082	8	1	1	198629533	30665	8924	2	0	0	0	0
rs1670533	3	0	4	1084399	-1	-1	1	0	2	2	0
rs17780256	12	0	17	72646784	-1	-1	1	-1	-1	-1	0
rs17057164	3	0	6	96962660	-1	-1	102	0	0	0	0
rs13042504	8	1	20	45508536	16865	3925	2	0	0	0	0
rs61612642	3	0	6	42229969	-1	-1	1	0	0	0	0
rs377602035	3	0	4	109937360	-1	-1	2	-1	-1	-1	0
rs4440177	8	1	4	162321901	157897	287	0	-2	-2	-2	0
rs2181540	12	0	13	113098850	-1	-1	0	-1	-1	-1	0
rs6432852	3	0	2	165898043	-1	-1	153	0	2	0	0
rs62524579	8	1	8	142979538	61695	2200	6	0	0	0	0
rs142783062	3	0	4	99349804	-1	-1	6	2	0	0	0
rs2566774	3	0	1	68229194	-1	-1	0	-1	-1	-1	0
rs2660753	8	1	3	87061524	8786	27605	0	-2	-2	-2	0
rs12143842	8	1	1	162064100	24533	5591	1	1	1	1	0
rs159963	3	0	1	8444361	-1	-1	1	0	1	1	0
rs62184863	8	1	2	203819074	36931	48697	1	0	0	0	0
rs11847697	3	0	14	30045906	-1	-1	1	0	1	2	0
rs10789340	8	1	1	72474590	172761	243073	0	-1	-1	-1	0
rs57070010	3	0	19	17539799	-1	-1	0	-1	-1	-1	0
rs17154702	3	0	8	8752370	-1	-1	0	-2	-2	-2	0
rs115455308	3	0	2	70815286	-1	-1	2	-1	-1	-1	0
rs61332075	8	1	2	238407919	7022	4723	157	0	2	2	0
rs10513249	8	1	9	114541631	36158	31270	0	-1	-1	-1	0
rs2215893	3	0	2	59248865	-1	-1	0	-2	-2	-2	0
rs337718	8	1	18	72107043	162466	429637	2	-1	-1	-1	0
rs35042446	2	0	1	40237572	-1	-1	0	-1	-1	-1	0
rs1928168	3	0	6	22017509	-1	-1	1	0	2	2	0
rs11694842	3	0	2	25260101	-1	-1	1	3	3	3	0
rs1234214	3	0	10	87938433	-1	-1	0	-1	-1	-1	0
rs535211063	3	0	18	50009408	-1	-1	0	-1	-1	-1	0
rs600231	19	1	11	65493175	4947	4513	1	0	0	0	0
rs453301	3	0	8	9172877	-1	-1	0	-1	-1	-1	0
rs879394	8	1	3	168992055	63457	10967	0	-1	-1	-1	0
rs2025151	3	0	9	96399230	-1	-1	1	0	1	0	0
rs112925537	3	0	15	41042016	-1	-1	1	-1	-1	-1	0
rs7903146	3	0	10	112998590	-1	-1	1	2	3	2	0
rs77300780	8	1	19	45663346	11541	4875	2	0	2	2	0
rs10830963	3	0	11	92975544	-1	-1	2	0	0	0	0
rs111226164	3	0	6	157589659	-1	-1	5	0	3	0	
rs2365389	3	0	3	61250788	-1	-1	1	2	2	0	
rs758747	7	0	16	3577357	-1	-1	5	-1	-1	-1	0
rs6566233	15	0	18	55778699	-1	-1	0	-1	-1	-1	0
rs2880961	8	1	3	88475025	7463	126036	0	0	0	0	0
rs9521634	3	0	13	110181552	-1	-1	2	1	0	0	0
rs28371438	3	0	21	32986517	-1	-1	0	-1	-1	-1	0
rs1531518	8	1	18	55813137	24376	4030	1	2	2	2	0
rs10931982	8	1	2	201967407	39864	65363	2	0	3	3	0
rs1548945	3	0	2	216801065	-1	-1	1	0	0	0	0
rs35727810	8	1	5	107042090	31076	153066	0	-1	-1	-1	0
rs4868125	8	1	5	171854871	58745	6678	1	3	0	1	0
rs7186908	8	1	16	72186474	9596	38091	2	0	0	0	0
rs483082	15	0	19	44912921	-1	-1	2	0	0	0	0
rs113477878	3	0	9	16542760	-1	-1	1	0	0	0	0
rs72780191	3	0	2	23784252	-1	-1	1	1	3	3	0
rs2747652	3	0	6	152115881	-1	-1	1	0	2	0	0
rs2634047	3	0	8	84784102	-1	-1	0	-1	-1	-1	0
rs181957530	3	0	4	161420812	-1	-1	2	-1	-1	-1	0
rs17180489	3	0	14	72418763	-1	-1	1	-1	-1	-1	0
rs200779223	3	0	6	31456805	-1	-1	0	-1	-1	-1	0
rs11168854	3	0	12	49091590	-1	-1	2	-1	-1	-1	0
rs2033529	8	1	6	40380914	1027	10672	0	-1	-1	-1	0
rs4243400	3	0	3	172253069	-1	-1	4	-1	-1	-1	0
rs61879614	3	0	11	8058878	-1	-1	1	0	2	0	0
rs117413473	3	0	6	71939241	-1	-1	2	0	0	0	0
rs4656958	19	1	1	160887174	1994	7806	2	-1	-1	-1	0
rs114824220	3	0	3	8344691	-1	-1	0	-1	-1	-1	0
rs28361986	8	1	11	118822452	368	11394	2	0	2	1	0
rs7700167	8	1	4	34925985	211387	40256	0	-1	-1	-1	0
rs35479618	2	0	1	153689947	-1	-1	0	-1	-1	-1	0
rs551087	3	0	12	120771390	-1	-1	12	0	0	0	0
rs526631	8	1	11	65914494	13921	2316	1	2	2	2	0
rs4703904	3	0	5	72466717	-1	-1	1	2	2	2	0
rs4916588	8	1	3	196946034	2491	322	2	0	0	0	0
rs1006737	3	0	12	2236129	-1	-1	1	3	3	3	0
rs12482947	3	0	21	42431928	-1	-1	0	-1	-1	-1	0
rs4907622	3	0	13	113362571	-1	-1	114	0	2	2	0
rs7212510	3	0	17	28376663	-1	-1	2	0	0	0	0
rs10519203	3	0	15	78521704	-1	-1	0	-1	-1	-1	0
rs78936994	3	0	8	119881968	-1	-1	9	0	2	2	0
rs9932866	15	0	16	656067	-1	-1	100	0	2	2	0
rs1325598	3	0	1	176823113	-1	-1	2	0	0	0	0
rs140328462	8	1	14	73840778	169	11066	1	2	3	2	0
rs4495740	3	0	1	62658794	-1	-1	12	-1	-1	-1	0
rs6054375	19	1	20	6597982	69523	133276	1	-1	-1	-1	0
rs143404520	3	0	5	137070147	-1	-1	2	-1	-1	-1	0
rs274567	15	0	5	132378717	-1	-1	2	0	0	0	0
rs3769309	3	0	2	172815054	-1	-1	5	0	2	0	0
rs11865690	15	0	16	690682	-1	-1	0	-1	-1	-1	0
rs12501071	3	0	4	144569207	-1	-1	0	-2	-2	-2	0
rs35768130	3	0	5	6704438	-1	-1	0	-1	-1	-1	0
rs10507824	8	1	13	74054545	59489	176912	0	-2	-2	-2	0
rs201514157	2	0	1	158613814	-1	-1	6	0	0	0	0
rs9939914	19	1	16	89873521	2202	49	1	1	2	2	0
rs9792548	3	0	9	86958168	-1	-1	2	0	2	1	0
rs17319721	3	0	4	76447694	-1	-1	9	0	2	1	0
rs283228	3	0	6	101307117	-1	-1	0	-2	-2	-2	0
rs3748784	14	1	1	96721618	25451	47	1	0	0	0	0
rs2529471	3	0	14	72346561	-1	-1	0	-2	-2	-2	0
rs943580	8	1	1	230701298	7316	1225	0	-1	-1	-1	0
rs4788099	3	0	16	28844406	-1	-1	5	1	2	3	0
rs79749804	3	0	10	122873151	-1	-1	2	0	0	0	0
rs7852065	3	0	9	125699744	-1	-1	0	-1	-1	-1	0
rs12447804	3	0	16	58041378	-1	-1	2	2	2	3	0
rs2381416	8	1	9	6193455	126741	2479	0	-1	-1	-1	0
rs6691768	3	0	1	61326191	-1	-1	1	3	3	3	0
rs3217810	3	0	12	4279105	-1	-1	1	0	0	0	0
rs1891058	3	0	1	213764039	-1	-1	0	-1	-1	-1	0
rs117539635	3	0	15	69390577	-1	-1	0	-1	-1	-1	0
rs9378671	3	0	6	2040937	-1	-1	13	0	2	0	0
rs28629977	8	1	1	16170777	8894	27077	2	-1	-1	-1	0
rs6913406	3	0	6	153065807	-1	-1	0	-2	-2	-2	0
rs4821764	15	0	22	38203357	-1	-1	1	0	1	1	0
rs10835483	8	1	11	29109058	45237	50898	0	-1	-1	-1	0
rs41307935	12	0	1	26854576	-1	-1	5	0	2	2	0
rs4812833	3	0	20	44440356	-1	-1	1	0	0	0	0
rs17537246	3	0	2	207879830	-1	-1	6	0	2	2	0
rs10968576	3	0	9	28414341	-1	-1	2	0	0	0	0
rs180977001	14	1	3	58332737	2619	143	1	0	2	1	0
rs10887265	3	0	10	84255817	-1	-1	2	-1	-1	-1	0
rs1480597	8	1	10	44665661	63557	140782	0	-2	-2	-2	0
rs11098699	3	0	4	123250679	-1	-1	5	0	1	1	0
rs143155169	3	0	19	15367524	-1	-1	0	-1	-1	-1	0
rs1158660	3	0	17	45867922	-1	-1	0	-1	-1	-1	0
rs185694	8	1	13	30311086	3535	5274	1	-1	-1	-1	0
rs17391694	8	1	1	78157942	19498	12539	9	0	0	0	0
rs78589086	8	1	9	30889009	56784	46476	0	-2	-2	-2	0
rs11209026	2	0	1	67240275	-1	-1	2	0	0	1	0
rs10019681	3	0	4	88911381	-1	-1	114	1	2	1	0
rs8904	12	0	14	35402011	-1	-1	1	1	2	2	0
rs6084309	3	0	20	3222468	-1	-1	5	1	2	2	0
rs35441874	3	0	16	11119164	-1	-1	0	-1	-1	-1	0
rs2221641	3	0	8	80382467	-1	-1	0	-1	-1	-1	0
rs11057396	15	0	12	123934515	-1	-1	0	0	0	0	0
rs62250714	3	0	3	85466626	-1	-1	2	0	0	0	0
rs564789596	3	0	5	128605589	-1	-1	0	-1	-1	-1	0
rs35084376	8	1	16	51129209	21188	6766	0	-1	-1	-1	0
rs8033165	8	1	15	28760947	1743	2493	0	-2	-2	-2	0
rs10420089	3	0	19	43183618	-1	-1	2	0	0	0	0
rs34922454	3	0	12	47798279	-1	-1	1	-1	-1	-1	0
rs887258	3	0	17	61402219	-1	-1	1	0	2	2	0
rs73887965	3	0	3	186596838	-1	-1	1	0	2	2	0
rs11592899	19	1	10	69574027	789	1780	0	-1	-1	-1	0
rs4367880	3	0	10	113035497	-1	-1	1	2	3	2	0
rs10155981	3	0	7	22716844	-1	-1	0	-1	-1	-1	0
rs11111197	3	0	12	102185741	-1	-1	1	0	0	0	0
rs10928827	8	1	2	128700224	118648	363622	2	-1	-1	-1	0
rs749307626	3	0	13	50055529	-1	-1	0	-1	-1	-1	0
rs2383101	2	0	9	19576951	-1	-1	0	-2	-2	-2	0
rs1801689	2	0	17	66214462	-1	-1	2	0	0	0	0
rs111394397	3	0	11	62584219	-1	-1	1	-1	-1	-1	0
rs8113091	8	1	19	10239014	7683	12887	0	-1	-1	-1	0
rs2861422	3	0	3	142005802	-1	-1	1	2	3	3	0
rs11047543	8	1	12	24635405	50856	7282	0	-1	-1	-1	0
rs149685227	3	0	16	51152313	-1	-1	0	-1	-1	-1	0
rs73173948	8	1	3	118689800	132132	210757	0	-1	-1	-1	0
rs4744239	8	1	9	93404100	28433	13755	0	-1	-1	-1	0
rs1328454	3	0	20	49823486	-1	-1	12	0	0	0	0
rs12966270	3	0	18	60821039	-1	-1	0	-1	-1	-1	0
rs2765974	3	0	10	11246455	-1	-1	0	-1	-1	-1	0
rs6575803	3	0	14	100791418	-1	-1	0	-1	-1	-1	0
rs55685444	14	1	5	33470746	1207	31326	5	1	3	0	0
rs13331	12	0	17	7190147	-1	-1	0	-1	-1	-1	0
rs72638977	3	0	8	41683104	-1	-1	0	-1	-1	-1	0
rs6971109	8	1	7	21183171	154358	32366	0	-2	-2	-2	0
rs13191362	3	0	6	162612318	-1	-1	1	-1	-1	-1	0
rs7310615	3	0	12	111427245	-1	-1	11	0	3	3	0
rs2109648	3	0	17	66493586	-1	-1	1	0	0	0	0
rs147851892	3	0	8	24376842	-1	-1	0	-2	-2	-2	0
rs61098410	3	0	2	168622351	-1	-1	0	-1	-1	-1	0
rs13204086	3	0	6	124084010	-1	-1	12	-1	-1	-1	0
rs35483388	3	0	11	122674438	-1	-1	0	-1	-1	-1	0
rs10459247	3	0	12	56777732	-1	-1	0	-1	-1	-1	0
rs10510452	8	1	3	16583541	42168	3251	1	0	0	0	0
rs6565174	3	0	16	30100583	-1	-1	0	-1	-1	-1	0
rs36023701	3	0	4	144544309	-1	-1	0	-2	-2	-2	0
rs144373461	8	1	6	29783228	19836	7726	0	-1	-1	-1	0
rs1799945	2	0	6	26090951	-1	-1	2	0	1	1	0
rs6845078	3	0	4	17950585	-1	-1	1	1	2	2	0
rs4852778	3	0	2	71317824	-1	-1	1	2	3	3	0
rs1059440	2	0	11	64224329	-1	-1	5	0	2	2	0
rs4660303	8	1	1	39594801	18011	29352	1	0	2	1	0
rs61751937	2	0	9	110549951	-1	-1	2	0	1	1	0
rs117612853	8	1	10	9385373	98316	336590	0	-1	-1	-1	0
rs4140885	3	0	2	187468337	-1	-1	2	0	2	1	0
rs11755845	19	1	6	43937043	84710	58680	1	0	2	2	0
rs72796106	3	0	2	23678492	-1	-1	0	-1	-1	-1	0
rs1192553	8	1	1	17967858	140795	47854	0	-1	-1	-1	0
rs56123029	8	1	8	123661390	2820	19404	102	1	2	1	0
rs10811645	3	0	9	22049657	-1	-1	32	-1	-1	-1	0
rs1268119	3	0	6	126054435	-1	-1	5	-1	-1	-1	0
rs41284486	15	0	13	113920848	-1	-1	0	-1	-1	-1	0
rs72700118	3	0	1	170225682	-1	-1	0	-1	-1	-1	0
rs4257994	8	1	8	59935098	41156	114489	0	-1	-1	-1	0
rs17630466	3	0	4	26084947	-1	-1	1	0	0	0	0
rs55884799	3	0	2	18106357	-1	-1	0	-1	-1	-1	0
rs6928583	3	0	6	97950266	-1	-1	0	-1	-1	-1	0
rs255056	8	1	16	67982282	1453	5112	2	0	0	0	0
rs9513675	3	0	13	99840906	-1	-1	5	1	3	3	0
rs4141278	19	1	7	25817905	66911	130752	1	0	2	0	0
rs3850174	3	0	3	172646303	-1	-1	2	0	1	0	0
rs12613336	19	1	2	210704675	25568	400259	1	0	0	0	0
rs2870238	3	0	4	76451926	-1	-1	9	0	2	1	0
rs9895661	15	0	17	61379228	-1	-1	1	0	2	2	0
rs11683203	8	1	2	19836950	10375	31910	0	-1	-1	-1	0
rs184886314	3	0	1	160348147	-1	-1	2	1	1	1	0
rs12319419	3	0	12	54026992	-1	-1	1	-1	-1	-1	0
rs749368	3	0	8	22643820	-1	-1	0	-1	-1	-1	0
rs2246662	9	0	1	204974819	-1	-1	2	0	1	0	0
rs10943605	12	0	6	78945760	-1	-1	1	1	2	2	0
rs10507380	8	1	13	27305389	31699	38298	150	0	2	2	0
rs1492546	3	0	2	80786611	-1	-1	2	0	0	0	0
rs9982370	3	0	21	38493931	-1	-1	1	0	2	1	0
rs4988958	9	0	2	102351825	-1	-1	0	-1	-1	-1	0
rs116908763	7	0	15	44427813	-1	-1	0	-1	-1	-1	0
rs4685448	3	0	3	210661	-1	-1	0	-2	-2	-2	0
rs9541009	3	0	13	67122540	-1	-1	2	-1	-1	-1	0
rs7174222	3	0	15	80726202	-1	-1	0	-1	-1	-1	0
rs10968577	3	0	9	28415514	-1	-1	2	0	0	0	0
rs34071855	3	0	1	10738432	-1	-1	1	0	0	0	0
rs12203240	3	0	6	24748876	-1	-1	0	-1	-1	-1	0
rs6882169	3	0	5	168241225	-1	-1	0	-1	-1	-1	0
rs6733011	3	0	2	98849039	-1	-1	0	-2	-2	-2	0
rs4929923	12	0	11	8617653	-1	-1	1	1	2	2	0
rs7219669	19	1	17	70525720	156804	103197	12	1	3	3	0
rs1799945	2	0	6	26090951	-1	-1	2	0	1	1	0
rs6435387	3	0	2	149008736	-1	-1	5	1	1	0	0
rs12446632	8	1	16	19924067	37900	107418	1	0	3	0	0
rs17138478	3	0	17	37713312	-1	-1	1	0	0	0	0
rs7212510	3	0	17	28376663	-1	-1	2	0	0	0	0
rs11229457	2	0	11	58439730	-1	-1	2	-1	-1	-1	0
rs11105352	3	0	12	89632685	-1	-1	1	2	2	2	0
rs56142708	3	0	17	20031650	-1	-1	0	-1	-1	-1	0
rs1052053	2	0	1	156232382	-1	-1	2	0	0	0	0
rs60695258	3	0	4	87101557	-1	-1	1	-1	-1	-1	0
rs6001508	8	1	22	39221697	65752	1662	0	-1	-1	-1	0
rs16851483	3	0	3	141556594	-1	-1	6	0	1	1	0
rs6435326	3	0	2	206137835	-1	-1	0	-1	-1	-1	0
rs4354968	3	0	16	76434236	-1	-1	0	-2	-2	-2	0
rs74910171	3	0	2	55248851	-1	-1	0	-1	-1	-1	0
rs72913475	3	0	18	46590193	-1	-1	70	-1	-1	-1	0
rs380286	3	0	5	1320132	-1	-1	1	0	0	0	0
rs6031435	3	0	20	44168718	-1	-1	12	0	1	0	0
rs3764002	2	0	12	108224853	-1	-1	2	0	1	1	0
rs67671377	8	1	16	79343247	78674	162356	1	0	2	2	0
rs187306222	9	0	2	27579638	-1	-1	0	-1	-1	-1	0
rs2395029	15	0	6	31464003	-1	-1	161	-1	-1	-1	0
rs7986115	3	0	13	100093224	-1	-1	0	-1	-1	-1	0
rs7153027	8	1	14	91960878	12891	5113	2	0	0	0	0
rs12928822	3	0	16	11310036	-1	-1	12	0	2	0	0
rs79891622	3	0	2	62804787	-1	-1	0	-1	-1	-1	0
rs795230	8	1	11	30752978	122470	77391	0	-1	-1	-1	0
rs17514846	3	0	15	90873320	-1	-1	2	0	1	0	0
rs2288884	3	0	19	52029018	-1	-1	1	-1	-1	-1	0
rs7598674	3	0	2	67625557	-1	-1	0	0	0	0	0
rs11672660	3	0	19	45676926	-1	-1	2	0	2	2	0
rs8054198	14	1	16	10944503	1482	61	12	0	2	0	0
rs112925537	3	0	15	41042016	-1	-1	1	-1	-1	-1	0
rs12991495	3	0	2	25263901	-1	-1	1	3	3	3	0
rs2241069	7	0	4	8601071	-1	-1	2	-1	-1	-1	0
rs1613662	2	0	19	55025227	-1	-1	2	0	0	0	0
rs183427010	3	0	19	44863241	-1	-1	0	-1	-1	-1	0
rs9302817	3	0	16	6113935	-1	-1	1	0	0	0	0
rs1788097	3	0	18	69876452	-1	-1	2	0	0	0	0
rs926331	8	1	22	37114032	4319	11811	1	-1	-1	-1	0
rs6798167	8	1	3	117241591	102202	302614	2	-1	-1	-1	0
rs1994090	3	0	12	40034759	-1	-1	5	0	0	0	0
rs28830936	8	1	15	41614210	1483	7014	0	-1	-1	-1	0
rs10790162	3	0	11	116768388	-1	-1	1	3	2	2	0
rs4848924	3	0	2	124234310	-1	-1	0	-2	-2	-2	0
rs708686	8	1	19	5840608	877	2280	2	0	0	1	0
rs72902523	19	1	18	38985457	297459	30590	0	-1	-1	-1	0
rs17248480	3	0	4	101514108	-1	-1	88	0	0	0	0
rs116358000	3	0	4	42193251	-1	-1	0	-1	-1	-1	0
rs559233	3	0	7	26809211	-1	-1	1	0	0	0	0
rs1146849	19	1	13	72298068	383890	155834	0	-2	-2	-2	0
rs1805128	2	0	21	34449382	-1	-1	2	-1	-1	-1	0
rs7741021	3	0	6	127147129	-1	-1	2	0	2	2	0
rs6968518	8	1	7	46446365	102744	30092	0	-1	-1	-1	0
rs369457490	3	0	9	137038609	-1	-1	2	0	2	0	0
rs428225	3	0	2	70532029	-1	-1	1	0	2	2	0
rs73529860	8	1	9	95537018	19961	62420	2	0	3	3	0
rs12806498	3	0	11	55304706	-1	-1	0	-1	-1	-1	0
rs67806247	3	0	19	1014539	-1	-1	2	-1	-1	-1	0
rs12150284	3	0	17	10127773	-1	-1	1	0	0	0	0
rs35673026	2	0	16	67942948	-1	-1	2	-1	-1	-1	0
rs76557027	3	0	2	176650122	-1	-1	0	-1	-1	-1	0
rs6851943	3	0	4	100203265	-1	-1	0	-1	-1	-1	0
rs17016200	8	1	3	78502757	208026	22344	2	1	2	2	0
rs7090690	3	0	10	96975483	-1	-1	0	-1	-1	-1	0
rs7030373	8	1	9	118399648	316266	288104	0	-1	-1	-1	0
rs4777542	3	0	15	72790025	-1	-1	2	0	0	1	0
rs3945119	8	1	1	90670307	12343	41232	0	-1	-1	-1	0
rs2288874	3	0	19	41346870	-1	-1	1	0	0	0	0
rs2053316	3	0	2	222229770	-1	-1	1	0	2	0	0
rs753833181	12	0	13	32402504	-1	-1	0	0	2	2	0
rs78015699	3	0	19	18376857	-1	-1	116	3	1	1	0
rs1117490	3	0	6	30202733	-1	-1	1	1	2	2	0
rs1470895	3	0	11	9500590	-1	-1	0	-1	-1	-1	0
rs1381486	8	1	8	106951998	181754	28969	161	0	2	2	0
rs35069269	3	0	7	72280714	-1	-1	0	-2	-2	-2	0
rs6871626	3	0	5	159399784	-1	-1	2	0	0	0	0
rs978297	3	0	4	158960176	-1	-1	0	-2	-2	-2	0
rs16892766	8	1	8	116618444	214687	23686	87	2	2	2	0
rs489286	3	0	1	160752760	-1	-1	2	0	0	0	0
rs7224737	3	0	17	42137346	-1	-1	5	0	2	2	0
rs11790388	15	0	9	126978004	-1	-1	0	-2	-2	-2	0
rs1334577	3	0	6	7211518	-1	-1	1	0	2	1	0
rs7497304	3	0	15	90885946	-1	-1	5	0	2	1	0
rs864265	8	1	3	186836503	9166	6201	2	-1	-1	-1	0
rs6807381	3	0	3	58663608	-1	-1	2	0	0	0	0
rs219140	3	0	2	32981882	-1	-1	0	-1	-1	-1	0
rs2292354	12	0	12	109930396	-1	-1	1	1	2	2	0
rs2524079	3	0	6	31274397	-1	-1	2	-1	-1	-1	0
rs7314056	3	0	12	121905058	-1	-1	1	2	2	2	0
rs7762246	8	1	6	51234458	321202	150824	0	-1	-1	-1	0
rs2223620	3	0	6	20627546	-1	-1	0	-1	-1	-1	0
rs11077343	3	0	16	3486999	-1	-1	0	-1	-1	-1	0
rs1998422	8	1	14	102514656	4857	24988	0	-1	-1	-1	0
rs62024517	3	0	15	85404905	-1	-1	1	1	3	3	0
rs2880418	8	1	4	155148727	319914	24989	2	-1	-1	-1	0
rs6891790	19	1	5	173243742	8431	10448	1	-1	-1	-1	0
rs7524755	12	0	1	165725660	-1	-1	12	-1	-1	-1	0
rs7970350	8	1	12	65966384	89	57236	1	0	1	1	0
rs17028615	3	0	4	99150767	-1	-1	6	0	0	0	0
rs3936510	3	0	5	56565039	-1	-1	5	0	2	2	0
rs11209240	19	1	1	68260224	17169	22164	2	1	2	3	0
rs62424521	3	0	6	131878279	-1	-1	2	0	1	0	0
rs4294650	12	0	13	20782401	-1	-1	0	-2	-2	-2	0
rs7937459	19	1	11	45047020	68992	48786	1	0	3	3	0
rs71382075	3	0	16	68796765	-1	-1	2	0	3	2	0
rs754133	3	0	12	54025136	-1	-1	1	-1	-1	-1	0
rs7528419	12	0	1	109274570	-1	-1	2	-1	-1	-1	0
rs1542212	3	0	3	35642443	-1	-1	164	0	0	0	0
rs1898349	3	0	10	117057556	-1	-1	1	-1	-1	-1	0
rs9513754	3	0	13	100391166	-1	-1	0	-2	-2	-2	0
rs7004766	3	0	8	23738427	-1	-1	1	-1	-1	-1	0
rs4467099	2	0	16	11449038	-1	-1	0	-2	-2	-2	0
rs335810	3	0	15	60076007	-1	-1	1	2	1	2	0
rs3937593	8	1	2	85983150	77951	37066	0	-1	-1	-1	0
rs35104894	8	1	4	55706027	69329	92609	0	-2	-2	-2	0
rs77956314	19	1	12	116885562	4121	22750	6	0	0	0	0
rs6850606	8	1	4	42862679	155344	29717	86	-1	-1	-1	0
rs4977756	3	0	9	22068653	-1	-1	32	-1	-1	-1	0
rs73581580	3	0	9	137357006	-1	-1	0	-1	-1	-1	0
rs34783010	3	0	19	45677156	-1	-1	2	0	2	2	0
rs3129934	3	0	6	32368410	-1	-1	0	-1	-1	-1	0
rs12534970	8	1	7	14991882	5808	74325	5	-1	-1	-1	0
rs6662386	3	0	1	87724354	-1	-1	1	0	2	1	0
rs9458859	3	0	6	163562826	-1	-1	0	-1	-1	-1	0
rs79125412	3	0	2	52282954	-1	-1	0	-1	-1	-1	0
rs17770015	8	1	10	113479005	125521	3611	0	-2	-2	-2	0
rs4313034	15	0	6	30006148	-1	-1	0	-1	-1	-1	0
rs12325508	3	0	16	80150416	-1	-1	0	-1	-1	-1	0
rs12913832	3	0	15	28120472	-1	-1	1	2	2	1	0
rs737037	3	0	17	62519936	-1	-1	0	-2	-2	-2	0
rs12517438	8	1	5	30841947	476263	211618	0	-1	-1	-1	0
rs4886782	3	0	15	73936469	-1	-1	2	0	0	0	0
rs11024028	3	0	11	16735326	-1	-1	1	0	0	0	0
rs492400	3	0	2	218485029	-1	-1	1	1	2	2	0
rs34872471	3	0	10	112994312	-1	-1	1	2	3	2	0
rs1908671	19	1	12	69039624	68054	172484	2	0	0	3	0
rs12102677	3	0	16	88950086	-1	-1	1	3	2	2	0
rs4477562	8	1	13	53530833	119953	284586	0	-1	-1	-1	0
rs1392140	3	0	1	55636149	-1	-1	0	-1	-1	-1	0
rs10438964	3	0	18	45370664	-1	-1	0	-1	-1	-1	0
rs11648166	8	1	16	58662802	32917	2307	2	0	2	1	0
rs72746773	3	0	5	43050658	-1	-1	0	-1	-1	-1	0
rs201220830	19	1	6	34227400	7334	9473	2	0	0	0	0
rs115148171	8	1	11	76730556	10755	29360	0	-2	-2	-2	0
rs8093507	3	0	18	32169231	-1	-1	0	-1	-1	-1	0
rs11717195	3	0	3	123363551	-1	-1	2	-1	-1	-1	0
rs150751768	8	1	1	218504461	59842	5635	0	-2	-2	-2	0
rs999943	3	0	6	33656956	-1	-1	1	0	2	2	0
rs7692976	3	0	4	109990411	-1	-1	2	-1	-1	-1	0
rs1968252	8	1	19	7782850	13245	4699	0	-1	-1	-1	0
rs2942194	2	0	8	23566156	-1	-1	12	0	0	0	0
rs10914684	3	0	1	33329971	-1	-1	0	-1	-1	-1	0
rs11793768	19	1	9	133241275	12684	9126	2	-1	-1	-1	0
rs76891117	3	0	14	72933129	-1	-1	0	-1	-1	-1	0
rs6511720	3	0	19	11091630	-1	-1	2	0	1	0	0
rs915057	3	0	14	64219489	-1	-1	1	0	1	0	0
rs12144049	19	1	1	152468434	22978	42369	0	-1	-1	-1	0
rs72836561	2	0	17	43848758	-1	-1	0	-1	-1	-1	0
rs1182395	3	0	7	157240230	-1	-1	0	-1	-1	-1	0
rs12203592	3	0	6	396321	-1	-1	1	0	0	0	0
rs199834894	3	0	5	132230266	-1	-1	0	-2	-2	-2	0
rs2368831	3	0	12	79119	-1	-1	0	-2	-2	-2	0
rs11760485	19	1	7	4361919	92919	150040	2	0	2	2	0
rs73228360	8	1	7	96736111	26220	122071	69	-1	-1	-1	0
rs10198628	19	1	2	12824371	81637	142413	1	0	1	1	0
rs3787184	3	0	20	51541298	-1	-1	1	0	1	1	0
rs12243859	3	0	10	18451703	-1	-1	12	0	0	0	0
rs1260326	2	0	2	27508073	-1	-1	1	0	0	0	0
rs139161960	8	1	5	29538059	21555	62617	0	-1	-1	-1	0
rs569207	3	0	15	78580777	-1	-1	2	0	0	0	0
rs159963	3	0	1	8444361	-1	-1	1	0	1	1	0
rs780096	3	0	2	27518205	-1	-1	1	0	0	0	0
rs112111458	8	1	2	70872975	37159	14896	2	0	0	0	0
rs77810251	8	1	7	121864095	18964	8994	0	-1	-1	-1	0
rs57091121	3	0	4	95522902	-1	-1	2	-1	-1	-1	0
rs17127713	3	0	14	54656200	-1	-1	17	1	1	1	0
rs10490175	3	0	2	50855616	-1	-1	2	-1	-1	-1	0
rs34312547	3	0	19	51628768	-1	-1	2	0	0	0	0
rs7078439	8	1	10	126731415	60969	48287	0	0	0	0	0
rs6472827	3	0	8	74207107	-1	-1	12	0	0	0	0
rs147582129	3	0	11	92422052	-1	-1	2	-1	-1	-1	0
rs116924815	8	1	19	50727476	1758	30906	2	0	0	0	0
rs117324075	3	0	14	92547538	-1	-1	0	-1	-1	-1	0
rs2249825	7	0	13	30463766	-1	-1	0	-1	-1	-1	0
rs139571703	2	0	22	23573433	-1	-1	2	0	0	0	0
rs1563788	3	0	6	43340625	-1	-1	1	0	0	0	0
rs113604586	2	0	17	4639054	-1	-1	6	0	0	0	0
rs137858393	3	0	1	95989421	-1	-1	0	-1	-1	-1	0
rs55796939	3	0	11	130414146	-1	-1	2	0	0	0	0
rs4919044	3	0	10	93012138	-1	-1	12	2	0	0	
rs1801133	2	0	1	11796321	-1	-1	52	0	0	0	0
rs2942168	15	0	17	45637484	-1	-1	2	0	2	1	0
rs2522056	3	0	5	132466034	-1	-1	1	2	0	0	
rs2953796	19	1	3	130015125	1584	6428	0	-1	-1	-1	0
rs4146322	3	0	4	80647490	-1	-1	0	0	0	0	0
rs10039206	8	1	5	56692951	86719	77848	0	-1	-1	-1	0
rs1369639	3	0	15	47652585	-1	-1	2	-1	-1	-1	0
rs7078439	8	1	10	126731415	60969	48287	0	0	0	0	0
rs10820600	7	0	9	104094411	-1	-1	0	-1	-1	-1	0
rs4803297	19	1	19	39819444	5889	5906	1	-1	-1	-1	0
rs62482253	5	0	7	100677821	-1	-1	12	0	1	0	0
rs11015781	8	1	10	18705654	24015	30091	0	-1	-1	-1	0
rs2860049	3	0	15	47223198	-1	-1	0	-2	-2	-2	0
rs11673093	9	0	19	45238836	-1	-1	0	-1	-1	-1	0
rs9867130	8	1	3	186011964	31092	34350	0	-1	-1	-1	0
rs1822534	8	1	3	12225304	33272	32497	0	-2	-2	-2	0
rs10740617	8	1	10	50267849	1034	37737	2	0	0	0	0
rs187368135	3	0	2	231768050	-1	-1	0	-1	-1	-1	0
rs1801689	2	0	17	66214462	-1	-1	2	0	0	0	0
rs4646947	12	0	6	34878500	-1	-1	0	-1	-1	-1	0
rs9989419	19	1	16	56951227	6364	10623	12	2	2	2	0
rs2145272	8	1	20	6645571	117112	85687	1	-1	-1	-1	0
rs6545814	3	0	2	24908447	-1	-1	2	0	1	1	0
rs1260326	2	0	2	27508073	-1	-1	1	0	0	0	0
rs1903068	8	1	4	55142310	16715	73314	1	0	0	0	0
rs221780	19	1	7	100699412	5375	6709	1	0	0	1	0
rs13081203	3	0	3	185604855	-1	-1	1	2	2	2	0
rs16908520	3	0	11	10900486	-1	-1	0	-1	-1	-1	0
rs1447514	3	0	11	22340750	-1	-1	0	-1	-1	-1	0
rs1414660	3	0	1	240423395	-1	-1	1	-1	-1	-1	0
rs6651252	3	0	8	128554935	-1	-1	0	-2	-2	-2	0
rs1036332	3	0	1	199043349	-1	-1	0	-1	-1	-1	0
rs36423	3	0	14	71886485	-1	-1	1	-1	-1	-1	0
rs9313772	3	0	5	158377449	-1	-1	1	-1	-1	-1	0
rs316009	3	0	6	160254732	-1	-1	2	0	0	0	0
rs2288278	3	0	17	48583930	-1	-1	1	2	2	2	0
rs72704330	3	0	9	8856375	-1	-1	0	-1	-1	-1	0
rs4299376	3	0	2	43845437	-1	-1	2	2	3	3	0
rs4550384	8	1	14	84883798	143746	67476	2	-1	-1	-1	0
rs2229542	2	0	7	134450869	-1	-1	1	0	0	0	0
rs77905678	3	0	1	8203048	-1	-1	12	0	0	0	0
rs1468520	8	1	7	7251101	2450	4053	2	0	2	2	0
rs55720021	3	0	19	48640984	-1	-1	0	-1	-1	-1	0
rs1111875	8	1	10	92703125	7478	7374	1	0	0	0	0
rs561241	14	1	13	113105720	5978	68	2	-1	-1	-1	0
rs6111609	8	1	20	17683901	1606	9771	12	1	1	1	0
rs66481224	8	1	13	64766289	690245	191808	0	-2	-2	-2	0
rs149906873	3	0	15	28088564	-1	-1	2	-1	-1	-1	0
rs339099	3	0	7	128756291	-1	-1	0	-1	-1	-1	0
rs2575876	3	0	9	104903458	-1	-1	2	2	1	1	0
rs62107261	15	0	2	422144	-1	-1	0	-2	-2	-2	0
rs10483776	3	0	14	65448149	-1	-1	2	0	2	1	0
rs117752187	3	0	11	122490175	-1	-1	0	-1	-1	-1	0
rs12030690	8	1	1	37792335	9450	1467	0	-2	-2	-2	0
rs56339712	3	0	9	89410842	-1	-1	2	1	2	2	0
rs261902	3	0	12	32323793	-1	-1	0	1	2	1	0
rs7733410	3	0	5	148476959	-1	-1	2	0	0	0	0
rs7969559	3	0	12	69261387	-1	-1	0	-1	-1	-1	0
rs11041426	3	0	11	7522288	-1	-1	14	0	2	0	0
rs764213	3	0	20	10904797	-1	-1	0	-1	-1	-1	0
rs698047	3	0	1	41867932	-1	-1	0	-1	-1	-1	0
rs1558744	3	0	12	68110812	-1	-1	1	0	0	0	0
rs997363	3	0	2	227644742	-1	-1	0	-2	-2	-2	0
rs1878918	3	0	8	32476054	-1	-1	1	0	0	0	0
rs12283755	3	0	11	68604190	-1	-1	0	-2	-2	-2	0
rs7026834	3	0	9	101129097	-1	-1	0	-1	-1	-1	0
rs11639044	3	0	15	78791472	-1	-1	2	-1	-1	-1	0
rs1801212	2	0	4	6300792	-1	-1	2	2	2	2	0
rs7667	3	0	1	19392330	-1	-1	160	0	2	2	0
rs6803848	19	1	3	112138722	3363	2176	2	-1	-1	-1	0
rs10747570	3	0	12	50116154	-1	-1	0	-1	-1	-1	0
rs6031435	3	0	20	44168718	-1	-1	12	0	1	0	0
rs10016110	8	1	4	45966544	486408	28575	0	-2	-2	-2	0
rs533414974	8	1	6	169192178	9438	21076	0	-2	-2	-2	0
rs1598856	3	0	4	102524958	-1	-1	1	0	2	1	0
rs8044477	3	0	16	58942687	-1	-1	0	-2	-2	-2	0
rs11881865	19	1	19	12988179	13417	7429	0	-1	-1	-1	0
rs77697917	8	1	17	43763481	4690	2644	2	0	0	0	0
rs1263173	8	1	11	116810292	17872	2912	2	-1	-1	-1	0
rs10764826	19	1	10	128888212	567998	24667	0	-2	-2	-2	0
rs116008367	3	0	2	111049969	-1	-1	149	-1	-1	-1	0
rs1445021	8	1	15	68443247	11084	135722	0	-2	-2	-2	0
rs10195252	3	0	2	164656581	-1	-1	11	0	1	0	0
rs114997373	8	1	1	45535906	3767	14637	0	-1	-1	-1	0
rs187918276	3	0	4	73167847	-1	-1	1	0	2	2	0
rs7262634	19	1	20	47205635	16791	3579	1	0	2	0	0
rs2230199	2	0	19	6718376	-1	-1	2	0	0	0	0
rs1356100	3	0	3	21846985	-1	-1	0	-2	-2	-2	0
rs433598	3	0	16	20668884	-1	-1	5	-1	-1	-1	0
rs115182912	3	0	3	126274431	-1	-1	0	-1	-1	-1	0
rs77673991	3	0	2	43850184	-1	-1	2	2	3	3	0
rs7245565	3	0	19	16303176	-1	-1	0	-1	-1	-1	0
rs2103655	19	1	20	38797315	24795	8382	1	-1	-1	-1	0
rs6834183	3	0	4	144349803	-1	-1	0	-2	-2	-2	0
rs10487505	19	1	7	128220110	12167	21168	2	0	0	0	0
rs3742021	3	0	12	109445312	-1	-1	1	0	3	2	0
rs1260326	2	0	2	27508073	-1	-1	1	0	0	0	0
rs4739134	8	1	8	78643913	34208	22176	1	0	3	0	0
rs281868	3	0	6	118252898	-1	-1	12	0	0	0	0
rs4558156	8	1	11	42751206	497494	188569	0	-1	-1	-1	0
rs7453920	3	0	6	32762235	-1	-1	0	-1	-1	-1	0
rs117204589	14	1	8	118905403	47185	18154	0	-1	-1	-1	0
rs55715427	5	0	22	42062823	-1	-1	0	-1	-1	-1	0
rs2045323	8	1	4	153910747	121664	231375	2	-1	-1	-1	0
rs6004262	3	0	22	24759176	-1	-1	150	-1	-1	-1	0
rs1395241	3	0	4	125438301	-1	-1	2	2	2	2	0
rs514230	8	1	1	234722850	2630	1192	1	2	3	3	0
rs9399137	3	0	6	135097880	-1	-1	2	1	2	2	0
rs2763981	3	0	6	31872244	-1	-1	2	0	2	1	0
rs1525293	8	1	7	71008019	170006	124125	0	-2	-2	-2	0
rs11090045	12	0	22	41357599	-1	-1	12	2	0	2	0
rs11756438	3	0	6	118672469	-1	-1	0	1	2	1	0
rs2112743	3	0	5	145356682	-1	-1	0	-2	-2	-2	0
rs35702851	3	0	11	841284	-1	-1	1	-1	-1	-1	0
rs374409015	1	0	7	102471478	-1	-1	0	-1	-1	-1	0
rs617219	3	0	5	79133771	-1	-1	5	0	0	0	0
rs6478241	3	0	9	116490350	-1	-1	2	-1	-1	-1	0
rs33449	8	1	3	42359309	16942	37774	0	-1	-1	-1	0
rs13133213	3	0	4	15645171	-1	-1	0	-2	-2	-2	0
rs2836422	3	0	21	38466112	-1	-1	1	0	2	1	0
rs58190593	3	0	19	19153129	-1	-1	1	0	0	0	0
rs2504069	3	0	6	151764382	-1	-1	1	0	2	0	0
rs2078383	8	1	6	118385480	67804	66989	12	0	0	0	0
rs12375949	3	0	9	121855621	-1	-1	0	-2	-2	-2	0
rs1832007	3	0	10	5212884	-1	-1	125	0	0	0	0
rs112233623	3	0	6	41957260	-1	-1	1	0	0	0	0
rs188006861	3	0	4	7849116	-1	-1	11	2	2	2	0
rs76856627	15	0	19	45040497	-1	-1	1	0	2	1	0
rs115794601	8	1	5	155134651	22327	262640	0	-1	-1	-1	0
rs7597877	8	1	2	184040528	91416	8939	0	-2	-2	-2	0
rs11084877	8	1	19	28230983	105553	63110	0	-1	-1	-1	0
rs7191269	8	1	16	51751007	79444	11512	0	-1	-1	-1	0
rs61372148	3	0	10	63763347	-1	-1	0	-2	-2	-2	0
rs4711750	8	1	6	43789345	2858	13848	1	0	2	2	0
rs34813609	3	0	1	196699231	-1	-1	2	0	0	0	0
rs7254892	3	0	19	44886339	-1	-1	0	-1	-1	-1	0
rs148043289	3	0	2	156170703	-1	-1	0	-1	-1	-1	0
rs57654001	3	0	4	17865243	-1	-1	1	1	2	2	0
rs9390459	9	0	6	147359223	-1	-1	12	0	2	0	0
rs10896794	3	0	11	58571651	-1	-1	14	0	0	0	0
rs116226959	3	0	6	28579175	-1	-1	0	-1	-1	-1	0
rs12755933	8	1	1	22245692	88291	20547	2	-1	-1	-1	0
rs62264129	3	0	3	112352566	-1	-1	2	1	2	3	0
rs6763048	3	0	3	38639903	-1	-1	2	-1	-1	-1	0
rs1159798	3	0	10	52652733	-1	-1	0	-1	-1	-1	0
rs7939345	8	1	11	47959016	53409	21542	1	2	2	2	0
rs7654093	8	1	4	154623920	10953	3025	2	0	0	0	0
rs995398	8	1	5	57344714	24694	50346	0	-1	-1	-1	0
rs4808540	3	0	19	16958413	-1	-1	0	-1	-1	-1	0
rs2460448	3	0	16	89634473	-1	-1	0	-1	-1	-1	0
rs12744310	8	1	1	41307830	22969	54092	0	-1	-1	-1	0
rs6955423	3	0	7	56031659	-1	-1	5	0	2	2	0
rs11652616	3	0	17	50901007	-1	-1	0	-1	-1	-1	0
rs1906223	3	0	8	126921448	-1	-1	0	-1	-1	-1	0
rs12325410	3	0	16	9581389	-1	-1	0	-2	-2	-2	0
rs10848704	3	0	12	2773378	-1	-1	0	-1	-1	-1	0
rs16998572	8	1	20	53935345	59788	1432	0	0	0	0	0
rs4632248	3	0	19	53821741	-1	-1	1	0	1	1	0
rs1326128	3	0	13	50311274	-1	-1	0	-1	-1	-1	0
rs2284063	15	0	22	38148291	-1	-1	12	0	2	1	0
rs117489126	15	0	1	1625671	-1	-1	6	0	0	0	0
rs13408379	8	1	2	129715649	218861	109477	0	-2	-2	-2	0
rs6015450	3	0	20	59176062	-1	-1	0	-1	-1	-1	0
rs34071855	3	0	1	10738432	-1	-1	1	0	0	0	0
rs9930333	3	0	16	53766065	-1	-1	1	2	2	2	0
rs7513428	3	0	1	167546035	-1	-1	2	-1	-1	-1	0
rs4868731	8	1	5	164100197	212370	18901	1	0	1	1	0
rs7625643	3	0	3	141431184	-1	-1	1	-1	-1	-1	0
rs185882981	3	0	6	160590288	-1	-1	2	0	0	0	0
rs2274465	3	0	1	43655886	-1	-1	0	-1	-1	-1	0
rs7406910	2	0	17	48610894	-1	-1	1	1	2	2	0
rs2245008	3	0	16	83950150	-1	-1	0	-1	-1	-1	0
rs1798192	2	0	12	122716221	-1	-1	2	0	1	1	0
rs72827873	8	1	17	48438422	8147	21948	0	-1	-1	-1	0
rs13395911	3	0	2	232655544	-1	-1	6	0	3	1	0
rs73198271	3	0	8	8749297	-1	-1	12	-1	-1	-1	0
rs4752569	3	0	10	121572176	-1	-1	0	-2	-2	-2	0
rs8042543	3	0	15	31416060	-1	-1	1	-1	-1	-1	0
rs34216058	3	0	4	146890293	-1	-1	0	-2	-2	-2	0
rs72915971	8	1	11	57158067	101935	23680	0	-1	-1	-1	0
rs646776	19	1	1	109275908	158	3648	2	-1	-1	-1	0
rs6712094	3	0	2	164186950	-1	-1	1	2	1	1	0
rs10085978	19	1	8	142152316	60697	24023	0	-2	-2	-2	0
rs1615504	12	0	18	69859408	-1	-1	2	0	0	0	0
rs10197140	3	0	2	110852366	-1	-1	149	-1	-1	-1	0
rs5756825	19	1	22	37803943	27387	1150	0	-1	-1	-1	0
rs8133949	3	0	21	42001005	-1	-1	0	-1	-1	-1	0
rs2955083	3	0	3	128242335	-1	-1	1	0	1	1	0
rs36018387	3	0	6	35419095	-1	-1	1	1	3	2	0
rs12804787	3	0	11	133941177	-1	-1	0	-1	-1	-1	0
rs117983287	2	0	9	77405958	-1	-1	153	1	2	2	0
rs2272205	3	0	2	227051208	-1	-1	2	-1	-1	-1	0
rs62018159	3	0	15	40105220	-1	-1	0	-1	-1	-1	0
rs1344653	8	1	2	19531084	10989	180631	1	-1	-1	-1	0
rs55703462	3	0	15	63103229	-1	-1	161	0	2	2	0
rs7099822	3	0	10	132296382	-1	-1	5	2	2	1	0
rs3026401	12	0	11	31785976	-1	-1	1	0	0	0	0
rs117114682	3	0	7	158170200	-1	-1	2	0	0	0	0
rs8117834	3	0	20	8109993	-1	-1	1	0	0	0	0
rs140177540	3	1	6	32601677	11829	26502	2	0	0	0	0
rs183511413	3	0	3	133330418	-1	-1	2	0	0	0	0
rs654600	8	1	11	102858443	14834	4293	0	-2	-2	-2	0
rs143812851	3	0	16	61739945	-1	-1	0	-2	-2	-2	0
rs13429103	8	1	2	7377100	52038	44161	5	0	1	1	0
rs2503775	3	0	6	98073724	-1	-1	1	1	1	1	0
rs11729931	8	1	4	74007918	9241	3660	2	0	0	0	0
rs2811400	3	0	3	128269024	-1	-1	1	0	1	1	0
rs6771541	19	1	3	27485025	605	1222	2	0	0	0	0
rs78150433	8	1	12	48985340	3664	9809	0	-1	-1	-1	0
rs6881280	8	1	5	123279830	43460	65055	0	-2	-2	-2	0
rs8009025	3	0	14	98164834	-1	-1	0	-2	-2	-2	0
rs807897	8	1	6	164184681	74987	161808	0	-1	-1	-1	0
rs72743158	3	0	15	78634103	-1	-1	2	-1	-1	-1	0
rs192686928	3	0	7	36586798	-1	-1	2	0	2	2	0
rs4890489	3	0	18	44851279	-1	-1	1	0	1	1	0
rs181743661	3	0	4	127647811	-1	-1	9	0	1	2	0
rs7925256	3	0	11	117174619	-1	-1	0	-1	-1	-1	0
rs34526934	3	0	2	176143077	-1	-1	1	-1	-1	-1	0
rs12285074	3	0	11	116891312	-1	-1	0	-1	-1	-1	0
rs4841132	15	0	8	9326086	-1	-1	0	-1	-1	-1	0
rs72784146	3	0	10	19872044	-1	-1	0	-1	-1	-1	0
rs61830526	19	0	10	3458617	191602	-1	0	-1	-1	-1	0
rs56076449	19	1	5	133106498	49	4557	5	0	2	1	0
rs3817428	2	0	15	88872016	-1	-1	2	0	0	0	0
rs2780226	19	1	6	34231315	11249	5558	2	0	0	0	0
rs1800437	2	0	19	45678134	-1	-1	2	0	2	2	0
rs1630858	8	1	9	101910258	116502	144994	0	-2	-2	-2	0
rs12123293	3	0	1	210739493	-1	-1	0	-2	-2	-2	0
rs6924023	3	0	6	169675945	-1	-1	0	-2	-2	-2	0
rs2066905	3	0	6	16131066	-1	-1	6	-1	-1	-1	0
rs1386622	3	0	4	38370434	-1	-1	0	-1	-1	-1	0
rs4841132	15	0	8	9326086	-1	-1	33	0	2	1	0
rs10760593	3	0	9	129191319	-1	-1	0	-1	-1	-1	0
rs568868093	3	0	4	7043344	-1	-1	1	1	2	2	0
rs9974653	8	1	21	39369920	20273	3843	0	-1	-1	-1	0
rs76428106	3	0	13	28029870	-1	-1	1	-1	-1	-1	0
rs4423886	8	1	4	125801465	48672	269243	2	2	2	2	0
rs12445022	8	1	16	87541726	26091	58800	6	-1	-1	-1	0
rs11249608	8	1	5	178999318	503	24434	2	0	0	0	0
rs967497	3	0	9	129181564	-1	-1	0	-1	-1	-1	0
rs368331	3	0	7	21703356	-1	-1	5	0	0	0	0
rs1021487	8	1	4	58590920	25798	189706	0	-1	-1	-1	0
rs34712979	5	0	4	105897896	-1	-1	2	0	0	0	0
rs7554511	3	0	1	200908434	-1	-1	0	-1	-1	-1	0
rs1963569	3	0	4	168417369	-1	-1	5	1	2	2	0
rs2066844	2	0	16	50712015	-1	-1	1	-1	-1	-1	0
rs3846663	3	0	5	75359901	-1	-1	1	1	2	2	0
rs256811	8	1	5	82964202	23219	4686	0	-2	-2	-2	0
rs2089401	8	1	16	67515750	10687	2112	0	-1	-1	-1	0
rs2164068	3	0	2	198079128	-1	-1	11	0	2	2	0
rs6066861	3	0	20	48806040	-1	-1	9	0	0	0	0
rs2069117	3	0	5	152864991	-1	-1	2	0	0	0	0
rs13013209	2	0	2	151643935	-1	-1	74	0	0	0	0
rs17005118	8	1	4	81367410	32992	58983	5	0	2	1	0
rs13300853	8	1	9	16901230	30387	16281	0	-2	-2	-2	0
rs12938040	3	0	17	9128957	-1	-1	0	-1	-1	-1	0
rs6759004	3	0	2	201139953	-1	-1	68	0	3	2	0
rs1127787	2	0	12	27714794	-1	-1	161	0	2	1	0
rs1893380	8	1	18	51121270	36225	37012	1	0	2	1	0
rs34539187	3	0	15	48464339	-1	-1	2	0	0	0	0
rs112879682	15	0	22	18124871	-1	-1	5	3	3	3	0
rs746011	15	0	8	22600291	-1	-1	0	0	1	0	0
rs4896038	3	0	6	134288153	-1	-1	0	-1	-1	-1	0
rs10053012	3	0	5	172095271	-1	-1	5	0	0	0	0
rs116822326	3	0	6	31466334	-1	-1	0	-1	-1	-1	0
rs9787810	7	0	11	64317826	-1	-1	0	-1	-1	-1	0
rs191899678	8	1	2	123166233	92752	277033	0	-2	-2	-2	0
rs1329767	3	0	9	71183455	-1	-1	0	-1	-1	-1	0
rs974471	3	0	14	29216122	-1	-1	0	-1	-1	-1	0
rs10901252	15	0	9	133252613	-1	-1	2	-1	-1	-1	0
rs12555345	8	1	9	27630564	19819	198712	0	-1	-1	-1	0
rs6537298	3	0	4	144585719	-1	-1	0	-2	-2	-2	0
rs8192917	2	0	14	24632954	-1	-1	1	0	0	0	0
rs62312418	8	1	4	73835795	57735	845	2	-1	-1	-1	0
rs1392953	3	0	16	13032909	-1	-1	0	-2	-2	-2	0
rs2596465	3	0	6	31445171	-1	-1	2	-1	-1	-1	0
rs62149377	3	0	2	60759441	-1	-1	1	0	1	1	0
rs8705	12	0	11	128459018	-1	-1	1	0	0	0	0
rs10842707	3	0	12	26318431	-1	-1	12	1	3	0	0
rs157580	3	0	19	44892009	-1	-1	1	0	0	0	0
rs117241091	8	1	6	94536736	89557	967446	0	-1	-1	-1	0
