SNP	CONTEXT	INTERGENIC	CHR_ID	CHR_POS	UP_DIST	DOWN_DIST	GO FUNCTION	TISSUE_EXPRESSION LEVEL	IS_RISK_FACTOR
rs9383951	2	0	6	151974478	-1	-1	1	2	1
rs115635831	2	0	2	200878871	-1	-1	12	2	1
rs10069690	2	0	5	1279675	-1	-1	1	0	1
rs4973768	13	0	3	27374522	-1	-1	2	0	1
rs73161324	2	0	22	41642782	-1	-1	1	3	1
rs1943466	2	0	11	123393934	-1	-1	0	-2	1
rs10411161	2	0	19	51869723	-1	-1	1	2	1
rs10816625	16	1	9	108074792	34200	22640	0	-2	1
rs16857609	2	0	2	217431785	-1	-1	0	-1	1
rs6988985	15	1	8	142925688	7845	56050	0	-1	1
rs148760487	15	1	2	162922103	83373	230148	2	-1	1
rs4980383	9	0	11	1880867	-1	-1	12	0	1
rs1357245	2	0	3	27145111	-1	-1	2	0	1
rs12710696	2	0	2	19121042	-1	-1	0	-2	1
rs1314913	2	0	14	68232877	-1	-1	1	3	1
rs7726354	2	0	5	56960656	-1	-1	5	2	1
rs1432679	2	0	5	158817075	-1	-1	1	-1	1
rs71564305	15	1	6	14107800	100899	9456	2	0	1
rs2496589	15	1	6	143412439	25030	10393	0	-2	1
rs2736108	16	1	5	1297373	2304	11937	1	0	1
rs11154838	2	0	6	135969804	-1	-1	6	0	1
rs17020562	15	1	1	213369363	94589	59345	5	1	1
rs6071641	16	1	20	39049018	9295	164759	5	0	1
rs16958536	2	0	15	46737708	-1	-1	2	-1	1
rs12349081	2	0	9	21951903	-1	-1	0	-2	1
rs74911261	3	0	11	108486410	-1	-1	2	0	1
rs140068132	7	1	6	151633699	12506	22992	1	2	1
rs614367	15	1	11	69513996	19044	127091	0	-2	1
rs3757322	13	0	6	151621059	-1	-1	1	2	1
rs17879961	3	0	22	28725099	-1	-1	1	1	1
rs745570	15	1	17	79807926	5397	15526	0	-2	1
rs2965183	2	0	19	19434887	-1	-1	1	2	1
rs4971059	2	0	1	155176305	-1	-1	4	0	1
rs4808801	2	0	19	18460331	-1	-1	1	-1	1
rs6569648	2	0	6	130027974	-1	-1	1	0	1
rs6001930	2	0	22	40480230	-1	-1	1	2	1
rs1265507	16	1	12	114430333	17502	74543	1	2	1
rs738321	2	0	22	38172826	-1	-1	12	2	1
rs4784227	2	0	16	52565276	-1	-1	1	2	1
rs3135724	2	0	10	121592706	-1	-1	1	2	1
rs616488	2	0	1	10506158	-1	-1	1	2	1
rs2787486	2	0	17	55132413	-1	-1	0	-2	1
rs130318	2	0	22	44080184	-1	-1	12	3	1
rs60979655	16	1	16	58661235	31350	3874	2	2	1
rs17356907	2	0	12	95633983	-1	-1	2	0	1
rs11155804	15	1	6	151625017	3824	31674	1	2	1
rs17350191	15	1	8	123745421	8019	23018	1	0	1
rs3184504	3	0	12	111446804	-1	-1	11	3	1
rs16992204	15	1	21	34738904	1700	6853	0	-1	1
rs6453204	2	0	5	76143375	-1	-1	2	0	1
rs16886364	2	0	5	56826517	-1	-1	5	2	1
rs1468574	15	1	17	58165213	5658	1769	0	-1	1
rs6828523	2	0	4	174925275	-1	-1	2	-1	1
rs11814448	15	1	10	22026914	23145	136078	1	2	1
rs4930561	2	0	11	68164294	-1	-1	0	-1	1
rs58058861	2	0	3	172567447	-1	-1	0	-2	1
rs10953024	2	0	7	90874752	-1	-1	1	0	1
rs941764	2	0	14	91374725	-1	-1	0	3	1
rs9834244	15	1	3	151704793	46827	29123	2	-1	1
rs6715083	15	1	2	232353782	2473	14794	0	-2	1
rs59964204	2	0	7	36899717	-1	-1	11	-1	1
rs10474352	2	0	5	91436408	-1	-1	12	-1	1
rs17356907	2	0	12	95633983	-1	-1	2	0	1
rs162277	16	1	19	52526945	10063	707	1	-1	1
rs3803662	9	0	16	52552429	-1	-1	1	2	1
rs13294895	16	1	9	108074895	34303	22537	0	-2	1
rs4322600	2	0	14	87829256	-1	-1	2	0	1
rs16886034	15	1	5	56688029	81797	82770	5	2	1
rs10263639	15	1	7	67594280	231330	33551	0	-2	1
rs3773651	2	0	3	30677040	-1	-1	2	-1	1
rs13329835	2	0	16	80616908	-1	-1	1	2	1
rs10771399	15	1	12	28002147	29442	131102	1	1	1
rs17426269	2	0	1	87691240	-1	-1	0	-2	1
rs2236007	2	0	14	36663564	-1	-1	1	0	1
rs4442975	15	1	2	217056046	59556	195510	2	-1	1
rs7971	13	0	7	21901342	-1	-1	5	0	1
rs17817449	2	0	16	53779455	-1	-1	1	2	1
rs3760982	16	1	19	43782361	1104	3513	0	-1	1
rs9485372	2	0	6	149287738	-1	-1	5	1	1
rs3822625	10	0	5	56882284	-1	-1	5	2	1
rs9397437	15	1	6	151631197	10004	25494	1	2	1
rs3785982	2	0	17	9186907	-1	-1	2	0	1
rs3803662	9	0	16	52552429	-1	-1	1	2	1
rs4973768	13	0	3	27374522	-1	-1	2	0	1
rs7072776	15	1	10	21744013	383	12524	1	2	1
rs9485372	2	0	6	149287738	-1	-1	5	1	1
rs7716600	15	1	5	44874903	46311	160296	161	2	1
rs6507583	2	0	18	44819625	-1	-1	1	1	1
rs4849887	15	1	2	120487546	21328	55363	0	-2	1
rs4969001	2	0	17	72983988	-1	-1	1	-1	1
rs2900478	2	0	12	21215863	-1	-1	2	0	1
rs3757322	13	0	6	151621059	-1	-1	1	2	1
rs4964006	2	0	12	26617956	-1	-1	12	3	1
rs1092913	2	0	5	10467590	-1	-1	0	0	1
rs11119608	2	0	1	210816167	-1	-1	1	0	1
rs3803662	9	0	16	52552429	-1	-1	1	2	1
rs2981579	2	0	10	121577821	-1	-1	1	2	1
rs1728400	15	1	16	86400840	51157	33990	0	-1	1
rs1057941	9	0	1	155216951	-1	-1	0	-1	1
rs11249433	2	0	1	121538815	-1	-1	0	-2	1
rs73107564	15	1	20	37635373	12254	41537	0	-2	1
rs11844632	2	0	14	68559662	-1	-1	1	3	1
rs11374964	13	0	11	108474789	-1	-1	2	0	1
rs614367	15	1	11	69513996	19044	127091	1	0	1
rs11780156	2	0	8	128182395	-1	-1	1	2	1
rs35951924	15	1	5	50899260	39240	4348	0	-2	1
rs11552449	3	0	1	113905767	-1	-1	1	0	1
rs2532263	2	0	17	46175102	-1	-1	1	2	1
rs77528541	15	1	4	125922349	169556	148359	0	-2	1
rs2380205	15	1	10	5844771	2639	16846	88	2	1
rs11257188	2	0	10	6195193	-1	-1	1	2	1
rs11249433	2	0	1	121538815	-1	-1	0	-1	1
rs6597981	13	0	11	803017	-1	-1	1	2	1
rs57712673	2	0	19	14774988	-1	-1	0	-1	1
rs204247	15	1	6	13722291	10456	64266	1	2	1
rs115707823	15	1	6	30374976	10696	39739	0	-2	1
rs113118767	2	0	20	19518790	-1	-1	2	2	1
rs1876206	2	0	15	48608389	-1	-1	2	0	1
rs13387042	15	1	2	217041109	44619	210447	0	-2	1
rs903263	2	0	1	84156830	-1	-1	1	2	1
rs13393577	2	0	2	212432139	-1	-1	1	2	1
rs4980383	9	0	11	1880867	-1	-1	12	0	1
rs66823261	2	0	8	220692	-1	-1	0	-1	1
rs12628403	2	0	22	38962032	-1	-1	0	-1	1
rs1353747	2	0	5	59041654	-1	-1	6	2	1
rs4245739	13	0	1	204549714	-1	-1	1	2	1
rs4245739	13	0	1	204549714	-1	-1	1	2	1
rs4808075	2	0	19	17279482	-1	-1	1	2	1
rs6678914	2	0	1	202218048	-1	-1	2	3	1
rs4784227	2	0	16	52565276	-1	-1	1	2	1
rs1154865	15	1	12	73596057	387740	52609	0	-2	1
rs11786541	15	1	8	9932039	26673	118446	0	-2	1
rs6964587	3	0	7	92001306	-1	-1	1	2	1
rs12149056	15	1	16	58657060	27175	8049	2	2	1
rs6504950	2	0	17	54979110	-1	-1	12	2	1
rs34346910	16	1	10	86667452	604	997	6	0	1
rs6805189	2	0	3	71482962	-1	-1	1	3	1
rs10069690	2	0	5	1279675	-1	-1	1	0	1
rs56404467	2	0	13	32265853	-1	-1	12	2	1
rs1436904	2	0	18	26990703	-1	-1	2	2	1
rs2981579	2	0	10	121577821	-1	-1	1	2	1
rs16952550	2	0	18	7807950	-1	-1	2	0	1
rs6725517	2	0	2	24906604	-1	-1	2	1	1
rs67397200	16	1	19	17290595	2949	1536	1	0	1
rs148883465	2	0	11	103813371	-1	-1	0	-2	1
rs7707921	2	0	5	82242227	-1	-1	102	2	1
rs13267382	2	0	8	116197325	-1	-1	0	-1	1
rs130318	2	0	22	44080184	-1	-1	12	3	1
rs4593472	2	0	7	130982362	-1	-1	0	-1	1
rs10490113	2	0	2	59272212	-1	-1	0	-2	1
rs11013837	2	0	10	23995722	-1	-1	2	1	1
rs117114682	2	0	7	158170200	-1	-1	2	0	1
rs3784099	2	0	14	68283210	-1	-1	0	-1	1
rs1292011	16	1	12	115398717	33972	170677	0	-2	1
rs1519277	15	1	2	123261223	187742	182043	0	-2	1
rs1011970	2	0	9	22062135	-1	-1	1	2	1
rs11065979	15	1	12	111621753	21497	20393	0	-2	1
rs2350923	2	0	8	61692700	-1	-1	2	3	1
rs12358475	15	1	10	11806793	42723	16546	0	-1	1
rs7975553	2	0	12	130560585	-1	-1	4	-1	1
rs13387042	15	1	2	217041109	44619	210447	0	-2	1
rs653465	2	0	3	27302153	-1	-1	2	0	1
rs10472076	15	1	5	58888234	24820	80804	5	0	1
rs3760982	16	1	19	43782361	1104	3513	0	-1	1
rs6796502	15	1	3	46825376	12802	4166	0	-2	1
rs10759243	15	1	9	107543834	218	119306	0	-2	1
rs11571833	18	0	13	32398489	-1	-1	1	-1	1
rs1432679	2	0	5	158817075	-1	-1	1	-1	1
rs10069690	2	0	5	1279675	-1	-1	1	0	1
rs2180341	2	0	6	127279485	-1	-1	12	2	1
rs10995190	2	0	10	62518923	-1	-1	0	0	1
rs3803662	9	0	16	52552429	-1	-1	1	2	1
rs2284378	2	0	20	34000289	-1	-1	1	3	1
rs11200014	2	0	10	121575416	-1	-1	1	2	1
rs1453308	2	0	2	236277682	-1	-1	1	-1	1
rs9790517	2	0	4	105163621	-1	-1	1	3	1
rs1053338	3	0	3	63982224	-1	-1	0	-1	1
rs2111836	2	0	18	8716323	-1	-1	0	-1	1
rs7105310	9	0	11	126175935	-1	-1	150	1	1
rs720475	2	0	7	144377836	-1	-1	1	3	1
rs12546444	2	0	8	105346392	-1	-1	0	-1	1
rs11627032	2	0	14	92637727	-1	-1	108	1	1
rs71801447	13	0	2	111168161	-1	-1	12	3	1
rs479825	2	0	11	96198321	-1	-1	1	2	1
rs17489300	2	0	1	202209914	-1	-1	2	3	1
rs72755295	2	0	1	241870961	-1	-1	1	-1	1
rs3817198	2	0	11	1887776	-1	-1	12	0	1
rs4415084	15	1	5	44662413	152131	36018	0	-2	1
rs12655019	15	1	5	56899963	3811	78	5	2	1
rs3884558	2	0	15	61410580	-1	-1	0	-1	1
rs704010	2	0	10	79081391	-1	-1	1	0	1
rs1078806	2	0	10	121579461	-1	-1	1	2	1
rs1862626	15	1	5	56737113	130881	33686	0	-2	1
rs2046210	15	1	6	151627231	6038	29460	0	-2	1
rs12586722	15	1	14	70423423	6333	2389	2	0	1
rs10995190	2	0	10	62518923	-1	-1	0	0	1
rs13365225	15	1	8	37000965	12553	66476	0	-2	1
rs34775372	15	1	4	4794716	83778	25689	1	0	1
rs11076805	2	0	16	4056787	-1	-1	2	2	1
rs10941679	15	1	5	44706396	5588	9797	1	-1	1
rs2981575	2	0	10	121586602	-1	-1	1	2	1
rs6504950	2	0	17	54979110	-1	-1	12	2	1
rs2046210	15	1	6	151627231	6038	29460	1	2	1
rs35383942	3	0	1	201468704	-1	-1	11	2	1
rs3112612	2	0	16	52601252	-1	-1	1	2	1
rs527616	2	0	18	26757460	-1	-1	0	-2	1
rs2290854	2	0	1	204546897	-1	-1	1	2	1
rs16851421	15	1	1	230289344	7222	25146	2	1	1
rs12922061	2	0	16	52601088	-1	-1	1	2	1
rs2075555	2	0	17	50196930	-1	-1	2	1	1
rs10825036	15	1	10	53506471	48183	259929	2	-1	1
rs742276	15	1	20	39051206	11483	162571	5	0	1
rs200648189	2	0	2	24516826	-1	-1	1	3	1
rs2242652	2	0	5	1279913	-1	-1	1	0	1
rs2594714	7	1	19	13843757	829	18306	0	-2	1
rs17489300	2	0	1	202209914	-1	-1	2	3	1
rs74911261	3	0	11	108486410	-1	-1	2	0	1
rs745570	15	1	17	79807926	5397	15526	0	-2	1
rs278050	15	1	13	29862831	12147	1541	0	-2	1
rs13267382	2	0	8	116197325	-1	-1	0	-1	1
rs12048493	2	0	1	149955122	-1	-1	1	2	1
rs4593472	2	0	7	130982362	-1	-1	0	-1	1
rs1292011	16	1	12	115398717	33972	170677	1	-1	1
rs2229882	10	0	5	56872885	-1	-1	5	2	1
rs7707921	2	0	5	82242227	-1	-1	102	2	1
rs9418690	2	0	10	127011685	-1	-1	1	3	1
rs147527678	15	1	6	32699696	31313	6428	0	-2	1
rs11075995	2	0	16	53821379	-1	-1	1	2	1
rs16886165	15	1	5	56727256	121024	43543	5	2	1
rs56069439	9	0	19	17283116	-1	-1	0	-1	1
rs12493607	2	0	3	30641447	-1	-1	2	-1	1
rs676256	15	1	9	108133073	35222	119081	0	-2	1
rs11654964	15	1	17	34662519	23201	62990	2	1	1
rs115392158	2	0	6	31347004	-1	-1	2	-1	1
rs10623258	9	0	14	104745925	-1	-1	5	-1	1
rs12118297	16	1	1	87313534	48793	15346	1	2	1
rs10472076	15	1	5	58888234	24820	80804	5	0	1
rs204247	15	1	6	13722291	10456	64266	1	2	1
rs4075454	15	1	6	166308998	550	10730	0	0	1
rs2012709	2	0	5	32567626	-1	-1	0	-2	1
rs11196174	2	0	10	112974337	-1	-1	1	3	1
rs10069690	2	0	5	1279675	-1	-1	1	0	1
rs9790517	2	0	4	105163621	-1	-1	1	3	1
rs8113308	2	0	19	51942133	-1	-1	1	2	1
rs13162653	15	1	5	16187419	1834	4669	0	-2	1
rs11249433	2	0	1	121538815	-1	-1	0	-2	1
rs11168936	2	0	12	49251457	-1	-1	1	3	1
rs421379	16	1	5	91979496	134967	103101	12	-1	1
rs12048493	2	0	1	149955122	-1	-1	0	-2	1
rs16886113	16	1	5	56699208	92976	71591	5	2	1
rs12548629	2	0	8	103189173	-1	-1	12	0	1
rs616488	2	0	1	10506158	-1	-1	1	2	1
rs4604234	15	1	6	80398959	24390	41771	0	-2	1
rs981782	2	0	5	45285616	-1	-1	0	-2	1
rs9257408	16	1	6	28958443	13906	10687	0	-2	1
rs6828523	2	0	4	174925275	-1	-1	2	-1	1
rs1468348	2	0	7	38728314	-1	-1	6	2	1
rs10069690	2	0	5	1279675	-1	-1	1	0	1
rs6678914	2	0	1	202218048	-1	-1	2	3	1
rs2981579	2	0	10	121577821	-1	-1	1	2	1
rs6472903	2	0	8	75318066	-1	-1	0	-2	1
rs17817449	2	0	16	53779455	-1	-1	1	2	1
rs7529522	16	1	1	117687599	45960	1022	0	-2	1
rs2046210	15	1	6	151627231	6038	29460	0	-1	1
rs3803662	9	0	16	52552429	-1	-1	1	2	1
rs132390	2	0	22	29225488	-1	-1	0	-1	1
rs12710696	2	0	2	19121042	-1	-1	0	-2	1
rs1858826	2	0	7	93719703	-1	-1	2	0	1
rs10771399	15	1	12	28002147	29442	131102	0	-2	1
rs11155804	15	1	6	151625017	3824	31674	1	2	1
rs141752671	2	0	11	103745837	-1	-1	0	-2	1
rs75915166	16	1	11	69564393	69441	76694	1	0	1
rs17817449	2	0	16	53779455	-1	-1	1	2	1
rs4784223	2	0	16	52541995	-1	-1	1	2	1
rs1830298	2	0	2	201316524	-1	-1	1	2	1
rs1550623	2	0	2	173348166	-1	-1	1	-1	1
rs2290203	13	0	15	90968837	-1	-1	1	2	1
rs11627032	2	0	14	92637727	-1	-1	108	1	1
rs12601991	2	0	17	37741642	-1	-1	1	0	1
rs11820646	16	0	11	129591276	53162	-1	0	-2	1
rs2981575	2	0	10	121586602	-1	-1	1	2	1
rs3135718	2	0	10	121594355	-1	-1	1	2	1
rs1926657	2	0	13	95222702	-1	-1	2	0	1
rs1453307	2	0	2	236278055	-1	-1	1	-1	1
rs2774307	2	0	1	114128347	-1	-1	2	-1	1
rs2981578	2	0	10	121580797	-1	-1	1	2	1
rs2075570	2	0	1	155212373	-1	-1	12	2	1
rs8170	10	0	19	17278895	-1	-1	0	-2	1
rs2588809	2	0	14	68193711	-1	-1	1	3	1
rs4245739	13	0	1	204549714	-1	-1	2	1	1
rs1353747	2	0	5	59041654	-1	-1	6	2	1
rs3757318	2	0	6	151592978	-1	-1	1	2	1
rs12243039	2	0	10	21147293	-1	-1	0	-1	1
rs6882649	2	0	5	111882089	-1	-1	1	3	1
rs8170	10	0	19	17278895	-1	-1	0	-1	1
rs13162653	15	1	5	16187419	1834	4669	0	-2	1
rs72755295	2	0	1	241870961	-1	-1	1	-1	1
rs6796502	15	1	3	46825376	12802	4166	0	-2	1
rs72755295	2	0	1	241870961	-1	-1	1	-1	1
rs11820646	16	0	11	129591276	53162	-1	0	-2	1
rs13162653	15	1	5	16187419	1834	4669	0	-2	1
rs10814070	15	1	9	34129841	2442	3316	102	2	1
rs140936696	15	1	10	93532431	3339	34234	0	-2	1
rs481519	2	0	3	27285723	-1	-1	1	-1	1
rs10864459	2	0	1	10503552	-1	-1	1	2	1
rs17530068	15	1	6	81483392	926203	8047	0	-2	1
rs17817449	2	0	16	53779455	-1	-1	1	2	1
rs4996188	2	0	2	232350750	-1	-1	0	-2	1
rs140850326	15	1	1	50380361	53354	18464	0	-2	1
rs8170	10	0	19	17278895	-1	-1	0	-1	1
rs16960359	2	0	16	58670592	-1	-1	2	2	1
rs9257408	16	1	6	28958443	13906	10687	0	-2	1
rs186507655	16	1	1	1351675	2257	1014	0	-2	1
rs4496150	15	1	16	87051631	145159	6153	0	-2	1
rs71557345	2	0	6	26680470	-1	-1	0	-2	1
rs6507583	2	0	18	44819625	-1	-1	1	1	1
rs3803662	9	0	16	52552429	-1	-1	1	2	1
rs2236007	2	0	14	36663564	-1	-1	1	0	1
rs8014252	2	0	14	70452982	-1	-1	11	-1	1
rs6569648	2	0	6	130027974	-1	-1	1	0	1
rs17530068	15	1	6	81483392	926203	8047	163	2	1
rs2912780	2	0	10	121577603	-1	-1	1	2	1
rs3803662	9	0	16	52552429	-1	-1	0	-1	1
rs147680653	16	1	6	29785031	21639	5923	0	-2	1
rs11571833	18	0	13	32398489	-1	-1	1	-1	1
rs2290203	13	0	15	90968837	-1	-1	1	2	1
rs1436904	2	0	18	26990703	-1	-1	2	2	1
rs4784227	2	0	16	52565276	-1	-1	0	-1	1
rs206966	2	0	12	120394343	-1	-1	0	-2	1
rs62355902	15	1	5	56757896	151664	12903	5	2	1
rs16857609	2	0	2	217431785	-1	-1	0	-1	1
rs45631563	2	0	10	121589810	-1	-1	1	2	1
rs16886448	2	0	5	56874986	-1	-1	5	2	1
rs1895062	2	0	9	116551207	-1	-1	2	-1	1
rs7726159	2	0	5	1282204	-1	-1	1	0	1
rs3757318	2	0	6	151592978	-1	-1	1	2	1
rs12710696	2	0	2	19121042	-1	-1	0	-2	1
rs12243039	2	0	10	21147293	-1	-1	0	-1	1
rs11076805	2	0	16	4056787	-1	-1	2	2	1
rs3784911	2	0	16	58669712	-1	-1	2	2	1
rs6762644	2	0	3	4700592	-1	-1	0	-1	1
rs999737	2	0	14	68567965	-1	-1	0	-1	1
rs6122906	15	1	20	50329374	8032	99816	0	-2	1
rs10510102	2	0	10	121865675	-1	-1	1	2	1
rs13281615	2	0	8	127343372	-1	-1	0	-2	1
rs2840044	15	1	17	35565049	2972	1468	1	-1	1
rs3817198	2	0	11	1887776	-1	-1	12	0	1
rs7679673	2	0	4	105140377	-1	-1	0	-2	1
rs7707921	2	0	5	82242227	-1	-1	102	2	1
rs117618124	2	0	18	32397726	-1	-1	12	1	1
rs117114682	2	0	7	158170200	-1	-1	2	0	1
rs7648642	2	0	3	119542528	-1	-1	2	0	1
rs17156577	2	0	7	28317270	-1	-1	1	-1	1
rs56084662	13	0	13	32295727	-1	-1	12	2	1
rs2736108	16	1	5	1297373	2304	11937	1	0	1
rs2747652	2	0	6	152115881	-1	-1	1	2	1
rs11780156	2	0	8	128182395	-1	-1	1	2	1
rs4593472	2	0	7	130982362	-1	-1	0	-1	1
rs3784099	2	0	14	68283210	-1	-1	0	-1	1
rs75316749	15	1	3	169043635	5219	39864	0	-2	1
rs421379	16	1	5	91979496	134967	103101	12	-1	1
rs2912774	2	0	10	121589148	-1	-1	1	2	1
rs2223621	2	0	6	20621007	-1	-1	5	-1	1
rs11627032	2	0	14	92637727	-1	-1	108	1	1
rs910920	15	1	17	797882	2088	1428	1	0	1
rs6762644	2	0	3	4700592	-1	-1	2	1	1
rs999737	2	0	14	68567965	-1	-1	1	3	1
rs35054928	2	0	10	121580918	-1	-1	1	2	1
rs2300206	2	0	20	34002002	-1	-1	1	3	1
rs3803662	9	0	16	52552429	-1	-1	1	2	1
rs67397200	16	1	19	17290595	2949	1536	0	-2	1
rs58847541	16	1	8	123597926	8880	16299	0	-2	1
rs7725218	2	0	5	1282299	-1	-1	1	0	1
rs1011970	2	0	9	22062135	-1	-1	1	2	1
rs16882214	2	0	6	19443704	-1	-1	0	-2	1
rs9348512	9	0	6	10456473	-1	-1	0	-1	1
rs4584690	2	0	13	95027878	-1	-1	2	0	1
rs10771399	15	1	12	28002147	29442	131102	1	1	1
rs7701292	15	1	5	105742977	350007	180017	0	-1	1
rs720475	2	0	7	144377836	-1	-1	1	-1	1
rs76733922	2	0	16	58668637	-1	-1	2	2	1
rs67397200	16	1	19	17290595	2949	1536	1	0	1
rs13329835	2	0	16	80616908	-1	-1	1	2	1
rs11907546	15	1	20	34131991	8701	62578	0	-2	1
rs889312	15	1	5	56736057	129825	34742	5	2	1
rs9693444	15	1	8	29652100	19456	21822	0	-2	1
rs616488	2	0	1	10506158	-1	-1	1	2	1
rs17268829	15	1	7	94484487	53255	10812	0	-2	1
rs17221259	16	1	12	14257551	2325	99291	1	2	1
rs78545330	9	0	9	21995942	-1	-1	32	-1	1
rs3757318	2	0	6	151592978	-1	-1	1	2	1
rs322144	2	0	19	11313027	-1	-1	12	0	1
rs11903787	15	1	2	120330606	4308	15530	2	-1	1
rs1219648	2	0	10	121586676	-1	-1	1	2	1
rs4562056	15	1	5	170164483	22543	27096	0	-2	1
rs6788895	2	0	3	150750021	-1	-1	1	1	1
rs6562760	15	1	13	73383544	156284	15487	1	2	1
rs60538652	2	0	3	150755819	-1	-1	1	1	1
rs7794030	15	1	7	38712494	25457	10480	6	2	1
rs704010	2	0	10	79081391	-1	-1	0	-1	1
rs7072776	15	1	10	21744013	383	12524	1	2	1
rs1011970	2	0	9	22062135	-1	-1	1	2	1
rs17020562	15	1	1	213369363	94589	59345	5	1	1
rs67129489	2	0	12	95623181	-1	-1	0	-1	1
rs10995201	2	0	10	62540131	-1	-1	0	0	1
rs2012709	2	0	5	32567626	-1	-1	0	-2	1
rs17601876	2	0	15	51261712	-1	-1	6	0	1
rs889312	15	1	5	56736057	129825	34742	5	2	1
rs13281615	2	0	8	127343372	-1	-1	0	-2	1
rs17817449	2	0	16	53779455	-1	-1	1	2	1
rs13260300	16	1	8	74567389	18772	32386	0	-1	1
rs9579199	16	1	13	28590646	93379	8187	1	1	1
rs12870942	15	1	13	73232845	5585	166186	1	1	1
rs3803662	9	0	16	52552429	-1	-1	0	-1	1
rs11571833	18	0	13	32398489	-1	-1	1	-1	1
rs2016394	2	0	2	172108243	-1	-1	6	-1	1
rs73110464	2	0	12	52918828	-1	-1	1	3	1
rs74949440	11	0	11	117199645	-1	-1	0	3	1
rs2392780	2	0	8	127375779	-1	-1	0	-2	1
rs1857798	15	1	4	164448974	64924	148745	0	-1	1
rs112319963	15	1	6	66197278	102369	512964	0	-1	1
rs200648189	2	0	2	24516826	-1	-1	1	3	1
rs13066793	2	0	3	86988393	-1	-1	1	0	1
rs16886181	15	1	5	56733416	127184	37383	5	2	1
rs4233486	15	1	1	40914768	38098	23336	0	-2	1
rs66823261	2	0	8	220692	-1	-1	0	-1	1
rs2314686	16	1	8	23579239	3776	20787	5	0	1
rs2992756	16	1	1	18480845	92331	137	2	-1	1
rs1017226	2	0	5	56857565	-1	-1	5	2	1
rs79724016	2	0	1	41671640	-1	-1	1	2	1
rs12422552	16	1	12	14260997	5771	95845	0	-2	1
rs10069690	2	0	5	1279675	-1	-1	1	0	1
rs889312	15	1	5	56736057	129825	34742	5	2	1
rs514192	2	0	8	101466731	-1	-1	0	-2	1
rs2012709	2	0	5	32567626	-1	-1	0	-2	1
rs112822051	2	0	19	55035675	-1	-1	2	0	1
rs11374964	13	0	11	108474789	-1	-1	2	0	1
rs1432679	2	0	5	158817075	-1	-1	1	-1	1
rs1416584	15	1	9	8211949	250869	102297	2	0	1
rs4245739	13	0	1	204549714	-1	-1	1	2	1
rs7107217	2	0	11	129603795	-1	-1	12	2	1
rs113701136	15	1	19	29786822	71033	25169	1	0	1
rs12405132	2	0	1	145790097	-1	-1	0	-1	1
rs17356907	2	0	12	95633983	-1	-1	2	0	1
rs6562760	15	1	13	73383544	156284	15487	0	-2	1
rs166870	15	1	15	79777420	18658	39929	5	1	1
rs4784227	2	0	16	52565276	-1	-1	1	2	1
rs11685222	15	1	2	119990995	6096	2204	0	-2	1
rs1962073	2	0	8	10403043	-1	-1	1	1	1
rs11903787	15	1	2	120330606	4308	15530	2	-1	1
rs13387042	15	1	2	217041109	44619	210447	0	-2	1
rs10069690	2	0	5	1279675	-1	-1	1	0	1
rs1011970	2	0	9	22062135	-1	-1	1	0	1
rs6556756	2	0	5	164462274	-1	-1	0	-2	1
rs116095464	2	0	5	344994	-1	-1	1	-1	1
rs11374964	13	0	11	108474789	-1	-1	2	0	1
rs67073037	2	0	2	28896719	-1	-1	1	0	1
rs10841753	2	0	12	21168436	-1	-1	2	0	1
rs13387042	15	1	2	217041109	44619	210447	0	-2	1
rs147512482	16	1	22	27215781	10655	5568	0	-2	1
rs11977670	16	1	7	140242504	472	39961	0	-2	1
rs28845026	15	1	2	232355544	4235	13032	0	-2	1
rs2747652	2	0	6	152115881	-1	-1	1	2	1
rs10995190	2	0	10	62518923	-1	-1	0	0	1
rs16942732	15	1	17	58163947	4392	3035	2	-1	1
rs184577	2	0	2	38150263	-1	-1	0	-1	1
rs1023996	2	0	11	7379559	-1	-1	2	-1	1
rs7192724	2	0	16	81924693	-1	-1	11	1	1
rs115707823	15	1	6	30374976	10696	39739	0	-2	1
rs11552449	3	0	1	113905767	-1	-1	1	-1	1
rs13365225	15	1	8	37000965	12553	66476	0	-2	1
rs12662670	2	0	6	151597721	-1	-1	1	2	1
rs13074711	15	1	3	172550013	26538	10875	6	-1	1
rs4342822	2	0	1	213850882	-1	-1	1	-1	1
rs10941679	15	1	5	44706396	5588	9797	0	-2	1
rs11571818	2	0	13	32394673	-1	-1	1	-1	1
rs6472903	2	0	8	75318066	-1	-1	0	-2	1
rs4808801	2	0	19	18460331	-1	-1	1	0	1
rs554219	15	1	11	69516874	21922	124213	1	0	1
rs2242652	2	0	5	1279913	-1	-1	1	0	1
rs7075481	15	1	10	8346355	44688	54505	0	-1	1
rs10771399	15	1	12	28002147	29442	131102	1	1	1
rs865686	16	1	9	108126198	28347	125956	0	-2	1
rs9833888	2	0	3	100004736	-1	-1	1	1	1
rs3734805	13	0	6	151618215	-1	-1	1	2	1
rs2943559	2	0	8	75505702	-1	-1	1	0	1
rs6001930	2	0	22	40480230	-1	-1	1	2	1
rs9257408	16	1	6	28958443	13906	10687	0	-2	1
rs883013	2	0	2	232350693	-1	-1	0	-2	1
rs527616	2	0	18	26757460	-1	-1	0	-2	1
rs3819405	2	0	6	16399326	-1	-1	1	3	1
rs17529111	15	1	6	81418669	861480	72770	0	-2	1
rs10771399	15	1	12	28002147	29442	131102	1	1	1
rs12405132	2	0	1	145790097	-1	-1	6	2	1
rs11242675	15	1	6	1318643	3885	3055	1	-1	1
rs2059614	2	0	11	125389528	-1	-1	2	0	1
rs12710696	2	0	2	19121042	-1	-1	0	-2	1
rs2823093	15	1	21	15148511	80674	198141	1	2	1
rs909116	2	0	11	1920716	-1	-1	12	0	1
rs3803662	9	0	16	52552429	-1	-1	0	-1	1
rs11075995	2	0	16	53821379	-1	-1	1	2	1
rs3858207	16	1	10	23061174	22651	34405	1	0	1
rs11199914	15	1	10	121334387	148421	76529	0	-2	1
rs12479355	15	1	2	226362236	176865	296474	0	-2	1
rs7297051	16	1	12	28021884	49179	111365	1	1	1
rs13074711	15	1	3	172550013	26538	10875	6	-1	1
rs11907546	15	1	20	34131991	8701	62578	0	-2	1
rs3757318	2	0	6	151592978	-1	-1	0	-1	1
rs7904519	2	0	10	113014168	-1	-1	1	3	1
rs114962751	2	0	2	201071148	-1	-1	12	1	1
rs1943466	2	0	11	123393934	-1	-1	0	-2	1
rs9383936	15	1	6	151623479	2286	33212	0	0	1
rs3750817	2	0	10	121573063	-1	-1	1	2	1
rs11814448	15	1	10	22026914	23145	136078	1	2	1
rs17350191	15	1	8	123745421	8019	23018	1	0	1
rs1562430	2	0	8	127375606	-1	-1	0	-2	1
rs2912774	2	0	10	121589148	-1	-1	1	2	1
rs13267382	2	0	8	116197325	-1	-1	0	-1	1
rs17142289	2	0	6	6550516	-1	-1	0	-1	1
rs113577745	2	0	2	9995553	-1	-1	1	2	1
rs2981579	2	0	10	121577821	-1	-1	0	-1	1
rs13025833	2	0	2	79716982	-1	-1	1	0	1
rs10069690	2	0	5	1279675	-1	-1	1	0	1
rs4951011	11	0	1	203797203	-1	-1	1	2	1
rs6585202	2	0	10	113023044	-1	-1	1	3	1
rs1978503	2	0	18	55997051	-1	-1	0	-2	1
rs1550623	2	0	2	173348166	-1	-1	1	-1	1
rs12710696	2	0	2	19121042	-1	-1	0	-1	1
rs4808075	2	0	19	17279482	-1	-1	1	2	1
rs889312	15	1	5	56736057	129825	34742	5	2	1
rs941764	2	0	14	91374725	-1	-1	0	3	1
rs10069690	2	0	5	1279675	-1	-1	1	0	1
rs3184504	3	0	12	111446804	-1	-1	11	3	1
rs12906542	2	0	15	77977130	-1	-1	0	-2	1
rs4784227	2	0	16	52565276	-1	-1	1	2	1
rs3215401	15	1	5	1296141	1072	13169	1	0	1
rs114971217	15	1	2	236525150	17615	42637	5	-1	1
rs72826962	2	0	17	42684371	-1	-1	2	1	1
rs2823093	15	1	21	15148511	80674	198141	1	2	1
rs28512361	2	0	22	45887417	-1	-1	0	-2	1
rs4973768	13	0	3	27374522	-1	-1	2	0	1
rs10760444	2	0	9	126634155	-1	-1	1	-1	1
rs9934948	2	0	16	73405456	-1	-1	0	-2	1
rs865686	16	1	9	108126198	28347	125956	1	0	1
rs28539243	2	0	16	54648152	-1	-1	0	-2	1
rs7297051	16	1	12	28021884	49179	111365	1	1	1
rs71559437	2	0	7	101909160	-1	-1	1	2	1
rs9693444	15	1	8	29652100	19456	21822	0	-2	1
rs4245739	13	0	1	204549714	-1	-1	1	2	1
rs10995190	2	0	10	62518923	-1	-1	0	0	1
rs67073037	2	0	2	28896719	-1	-1	1	0	1
rs3757322	13	0	6	151621059	-1	-1	1	2	1
rs113701136	15	1	19	29786822	71033	25169	1	0	1
rs17530068	15	1	6	81483392	926203	8047	0	-2	1
rs6562760	15	1	13	73383544	156284	15487	1	2	1
rs12662670	2	0	6	151597721	-1	-1	1	2	1
rs2943559	2	0	8	75505702	-1	-1	1	0	1
rs34005590	15	1	2	217098337	101847	153219	2	-1	1
rs458685	2	0	21	29805194	-1	-1	2	2	1
rs10022462	2	0	4	88322666	-1	-1	0	-1	1
rs10953105	2	0	7	93992935	-1	-1	12	-1	1
rs12601991	2	0	17	37741642	-1	-1	1	0	1
rs36194942	15	1	18	27821241	226077	129725	2	0	1
rs2193094	2	0	16	52532542	-1	-1	1	2	1
rs8170	10	0	19	17278895	-1	-1	0	-1	1
rs2981578	2	0	10	121580797	-1	-1	1	2	1
rs10864459	2	0	1	10503552	-1	-1	1	2	1
rs537626	9	0	11	69492927	-1	-1	1	0	1
rs1420338	2	0	7	34103644	-1	-1	2	-1	1
rs11199914	15	1	10	121334387	148421	76529	0	-2	1
rs6815814	2	0	4	38814717	-1	-1	0	-2	1
rs1219648	2	0	10	121586676	-1	-1	1	2	1
rs10474352	2	0	5	91436408	-1	-1	12	-1	1
rs13293114	15	1	9	83217469	15404	1862	0	-1	1
rs12355688	9	0	10	79295869	-1	-1	0	-1	1
rs36194942	15	1	18	27821241	226077	129725	2	0	1
rs2046210	15	1	6	151627231	6038	29460	1	2	1
rs4149056	3	0	12	21178615	-1	-1	2	0	1
rs11571833	18	0	13	32398489	-1	-1	1	-1	1
rs2981582	2	0	10	121592803	-1	-1	1	2	1
rs12207986	15	1	6	80384570	10001	56160	0	-2	1
rs2731620	15	1	12	19774866	50267	585	0	-2	1
rs3903072	15	1	11	65815595	18376	7427	0	-1	1
rs1707302	2	0	1	46135245	-1	-1	5	3	1
rs113883744	15	1	5	117038818	249	262286	0	-1	1
rs7931342	15	1	11	69227030	55466	67121	0	-2	1
rs1219648	2	0	10	121586676	-1	-1	1	2	1
rs11648166	15	1	16	58662802	32917	2307	2	2	1
rs575018	15	1	5	101043689	140407	538141	2	1	1
rs6596100	2	0	5	133071366	-1	-1	5	2	1
rs72749841	15	1	5	50345811	4449841	50381	0	-2	1
rs13281615	2	0	8	127343372	-1	-1	0	-2	1
rs1011970	2	0	9	22062135	-1	-1	1	0	1
rs11117758	2	0	1	217047232	-1	-1	1	1	1
rs78269692	2	0	19	13047463	-1	-1	0	-1	1
rs8170	10	0	19	17278895	-1	-1	1	0	1
rs3903072	15	1	11	65815595	18376	7427	0	-2	1
rs11651604	16	1	17	71440368	142150	155970	0	-1	1
rs16886397	2	0	5	56838449	-1	-1	5	2	1
rs4784227	2	0	16	52565276	-1	-1	0	-1	1
rs4849887	15	1	2	120487546	21328	55363	0	-2	1
rs4973768	13	0	3	27374522	-1	-1	2	0	1
rs12422552	16	1	12	14260997	5771	95845	0	-2	1
rs4577244	2	0	2	28897867	-1	-1	1	0	1
rs2363956	3	0	19	17283315	-1	-1	0	-2	1
rs4973768	13	0	3	27374522	-1	-1	2	0	1
rs12405132	2	0	1	145790097	-1	-1	0	-1	1
rs74911261	3	0	11	108486410	-1	-1	2	0	1
rs11075995	2	0	16	53821379	-1	-1	1	2	1
rs147527678	15	1	6	32699696	31313	6428	0	-2	1
rs2974935	9	0	1	155212052	-1	-1	12	2	1
rs6562760	15	1	13	73383544	156284	15487	1	2	1
rs12870942	15	1	13	73232845	5585	166186	1	2	1
rs4784227	2	0	16	52565276	-1	-1	1	2	1
rs12493607	2	0	3	30641447	-1	-1	2	-1	1
rs202049448	15	1	12	84615658	165780	55940	0	-2	1
rs6453204	2	0	5	76143375	-1	-1	2	0	1
rs2981579	2	0	10	121577821	-1	-1	1	2	1
rs2981579	2	0	10	121577821	-1	-1	1	2	1
rs2588809	2	0	14	68193711	-1	-1	0	-1	1
rs6569648	2	0	6	130027974	-1	-1	1	0	1
rs11075995	2	0	16	53821379	-1	-1	1	2	1
rs146699004	2	0	17	30903503	-1	-1	1	-1	1
rs2300206	2	0	20	34002002	-1	-1	1	3	1
rs16991615	3	0	20	5967581	-1	-1	1	-1	1
rs7904519	2	0	10	113014168	-1	-1	0	-1	1
rs7726159	2	0	5	1282204	-1	-1	1	0	1
rs999737	2	0	14	68567965	-1	-1	0	-1	1
rs16970540	13	0	17	35011428	-1	-1	1	2	1
rs10995190	2	0	10	62518923	-1	-1	0	0	1
rs2046210	15	1	6	151627231	6038	29460	0	0	1
rs614367	15	1	11	69513996	19044	127091	2	0	1
rs745570	15	1	17	79807926	5397	15526	0	-2	1
rs71338792	2	0	19	45679775	-1	-1	2	2	1
rs10771399	15	1	12	28002147	29442	131102	1	1	1
rs704010	2	0	10	79081391	-1	-1	1	0	1
rs6796502	15	1	3	46825376	12802	4166	0	-2	1
rs12467348	2	0	2	18106253	-1	-1	0	-2	1
rs1562430	2	0	8	127375606	-1	-1	0	-2	1
rs34207738	2	0	3	141394028	-1	-1	1	-1	1
rs6788895	2	0	3	150750021	-1	-1	1	1	1
rs1387389	2	0	1	164720525	-1	-1	1	2	1
rs6507583	2	0	18	44819625	-1	-1	1	1	1
rs67958007	15	1	10	9046151	72683	229682	0	-2	1
rs2016394	2	0	2	172108243	-1	-1	0	-1	1
rs115392158	2	0	6	31347004	-1	-1	2	-1	1
rs2420946	2	0	10	121591810	-1	-1	1	2	1
rs10822013	2	0	10	62492218	-1	-1	0	0	1
rs13387042	15	1	2	217041109	44619	210447	0	-2	1
rs7297051	16	1	12	28021884	49179	111365	0	-2	1
rs13387042	15	1	2	217041109	44619	210447	0	-2	1
rs132390	2	0	22	29225488	-1	-1	2	1	1
rs6878584	15	1	5	174280232	36731	49380	0	-2	1
rs2432539	2	0	16	56387075	-1	-1	1	2	1
rs6001930	2	0	22	40480230	-1	-1	1	2	1
rs12048493	2	0	1	149955122	-1	-1	0	-2	1
rs56069439	9	0	19	17283116	-1	-1	0	-1	1
rs4784227	2	0	16	52565276	-1	-1	1	2	1
rs10759243	15	1	9	107543834	218	119306	0	-2	1
rs11075995	2	0	16	53821379	-1	-1	1	2	1
rs3817198	2	0	11	1887776	-1	-1	12	0	1
rs12998806	15	1	2	217029040	32550	222516	0	-2	1
rs704	3	0	17	28367840	-1	-1	2	0	0
rs10851907	15	1	15	78623522	2227	597	0	-2	0
rs117992292	15	1	19	46294038	33180	3008	1	2	0
rs10041997	15	1	5	120862616	71838	177474	0	2	0
rs61812598	2	0	1	154447611	-1	-1	2	-1	0
rs61554960	2	0	16	51244622	-1	-1	0	-1	0
rs76493495	2	0	5	169092117	-1	-1	2	0	0
rs143609523	2	0	18	35685266	-1	-1	0	-2	0
rs4674940	10	0	2	224805279	-1	-1	11	3	0
rs2511847	15	1	11	119332649	9240	1878	2	-1	0
rs73029263	15	1	6	163692730	104565	11174	0	-1	0
rs367070	2	1	19	54296648	396	1457	2	-1	0
rs7852363	2	0	9	22790486	-1	-1	0	-1	0
rs6545278	15	1	2	52478914	4503	15774	0	-1	0
rs11227227	2	0	11	65571907	-1	-1	0	-1	0
rs76000727	2	0	19	40589394	-1	-1	0	-2	0
rs12427353	2	0	12	120989098	-1	-1	1	0	0
rs8079868	2	0	17	10617383	-1	-1	5	0	0
rs2245368	9	0	7	76978826	-1	-1	0	-1	0
rs62143206	2	0	19	53822958	-1	-1	1	1	0
rs7131627	2	0	11	113429107	-1	-1	0	-2	0
rs2230926	3	0	6	137874929	-1	-1	1	1	0
rs1931814	2	0	6	61879262	-1	-1	1	2	0
rs66567989	2	0	18	660442	-1	-1	1	1	0
rs7521555	2	0	1	89734641	-1	-1	0	-1	0
rs1776883	15	1	6	34188667	33045	1113	2	0	0
rs11498973	15	1	10	84732025	170762	461396	0	-2	0
rs6840258	2	0	4	87052516	-1	-1	1	-1	0
rs367569	2	0	16	11271643	-1	-1	1	-1	0
rs7894722	15	0	10	9930083	-1	-1	0	-1	0
rs200174418	2	0	5	75449704	-1	-1	1	2	0
rs1318937	15	1	3	15253857	941	327	18	0	0
rs1105307	13	0	9	69431124	-1	-1	1	-1	0
rs28453840	2	0	2	135765371	-1	-1	55	2	0
rs72807203	2	0	2	77065474	-1	-1	2	-1	0
rs78773383	2	0	4	39364100	-1	-1	1	2	0
rs1522803	16	1	2	226155805	162608	24239	0	-2	0
rs4795399	2	0	17	39905186	-1	-1	2	1	0
rs10091038	15	1	8	29502788	142566	24524	0	-1	0
rs2704588	2	0	4	88928621	-1	-1	114	2	0
rs11668290	15	1	19	46292921	32063	4125	1	2	0
rs6958858	2	0	7	149269858	-1	-1	1	-1	0
rs215411	15	1	4	23421980	136407	92960	0	-1	0
rs62022112	2	0	15	85466377	-1	-1	1	3	0
rs1158058	15	1	6	71016836	59798	58728	0	-2	0
rs673335	15	1	11	75739531	6573	2598	0	-1	0
rs77464186	2	0	11	72749353	-1	-1	6	2	0
rs115569272	15	1	6	32995105	13600	9077	0	-2	0
rs597205	2	0	1	111870400	-1	-1	0	-1	0
rs704	3	0	17	28367840	-1	-1	2	0	0
rs112779011	2	0	1	227193355	-1	-1	0	-1	0
rs4903318	15	1	14	75399932	103294	23751	0	-1	0
rs12439619	2	0	15	82254605	-1	-1	0	-1	0
rs140868651	2	0	19	19321482	-1	-1	1	-1	0
rs4712006	2	0	6	52380617	-1	-1	158	2	0
rs2396359	3	0	19	1819126	-1	-1	1	2	0
rs889138	2	0	19	33401503	-1	-1	0	-1	0
rs2373124	15	1	7	86200956	564612	15829	0	-1	0
rs117096873	2	0	16	11293103	-1	-1	1	-1	0
rs74929147	15	1	19	18302251	16756	3979	0	-1	0
rs497338	16	1	10	758375	13417	48539	0	2	0
rs10840060	2	0	11	8478498	-1	-1	5	3	0
rs192264222	2	0	4	104904293	-1	-1	0	-2	0
rs35258188	3	0	15	53705141	-1	-1	100	0	0
rs6687993	16	1	1	31099724	4166	8464	0	-1	0
rs143031547	2	0	1	198871805	-1	-1	0	-1	0
rs9895848	2	0	17	4835663	-1	-1	5	2	0
rs1029296	15	1	6	32888604	8756	7812	0	-2	0
rs11123155	2	0	2	113032681	-1	-1	0	-1	0
rs62257807	2	0	3	50892442	-1	-1	15	0	0
rs2954021	2	0	8	125469835	-1	-1	1	-1	0
rs78647349	2	0	4	5235426	-1	-1	5	-1	0
rs9821489	2	0	3	53541701	-1	-1	2	1	0
rs114685959	2	0	3	60851944	-1	-1	1	2	0
rs1018234	2	0	6	160375026	-1	-1	2	0	0
rs74480769	2	0	5	40972109	-1	-1	2	0	0
rs35971989	2	0	3	51431798	-1	-1	0	-1	0
rs739385	15	1	7	93053295	81996	46218	0	-1	0
rs2794520	15	1	1	159709026	3419	3263	2	-1	0
rs1953126	2	0	9	120878222	-1	-1	6	0	0
rs459193	16	1	5	56510924	5852	643	0	-2	0
rs111722075	2	0	6	25373818	-1	-1	0	-1	0
rs201631095	2	0	19	8208085	-1	-1	2	-1	0
rs2229774	3	0	12	53211761	-1	-1	1	2	0
rs10012307	15	1	4	136605429	51690	191293	0	-1	0
rs138057093	16	1	18	9675026	26524	3222	5	1	0
rs186808650	11	0	10	119029751	-1	-1	6	2	0
rs7542665	3	0	1	62207365	-1	-1	0	-1	0
rs739401	2	0	11	3015094	-1	-1	5	2	0
rs10787453	2	0	10	112624298	-1	-1	0	-1	0
rs17843797	2	0	3	124734175	-1	-1	1	-1	0
rs141012826	2	0	13	93326445	-1	-1	0	-1	0
rs11627756	2	0	14	102630269	-1	-1	1	3	0
rs34247288	10	0	20	31372984	-1	-1	2	-1	0
rs560426	2	0	1	94087882	-1	-1	1	2	0
rs7931563	15	1	11	61678953	23251	1438	0	-2	0
rs2243834	2	0	2	26134879	-1	-1	5	2	0
rs11683361	2	0	2	111622982	-1	-1	0	-1	0
rs6828434	2	0	4	139545450	-1	-1	1	1	0
rs11206510	15	1	1	55030366	13194	9182	2	-1	0
rs114176245	15	1	11	102848803	5194	13933	0	-2	0
rs1650505	15	1	5	158602726	14180	93190	1	-1	0
rs56160517	2	0	19	12861119	-1	-1	5	0	0
rs10876528	2	0	12	54027692	-1	-1	1	-1	0
rs4432538	2	0	20	8626746	-1	-1	1	0	0
rs714515	2	0	1	172383850	-1	-1	5	-1	0
rs7147087	2	0	14	58769589	-1	-1	0	-1	0
rs10749053	2	0	10	110816937	-1	-1	1	0	0
rs7554511	2	0	1	200908434	-1	-1	0	-1	0
rs445	2	0	7	92779056	-1	-1	1	2	0
rs11581730	15	1	1	155109682	22144	10808	2	3	0
rs11676124	2	0	2	102324878	-1	-1	2	-1	0
rs4945829	2	0	6	109317625	-1	-1	0	-1	0
rs7212510	2	0	17	28376663	-1	-1	2	0	0
rs4972489	15	1	2	175869870	26568	27466	0	-1	0
rs141507877	2	0	3	195894179	-1	-1	1	2	0
rs78588220	15	1	16	88390762	88251	36709	0	-1	0
rs7659227	2	0	4	65630452	-1	-1	0	-2	0
rs6101273	15	1	20	61227602	147423	24659	2	-1	0
rs7188861	2	0	16	11360793	-1	-1	1	2	0
rs151288400	2	0	7	100360372	-1	-1	2	2	0
rs1533988	16	1	7	1253374	16048	13979	1	-1	0
rs56869057	15	1	14	39008792	21409	23127	0	-2	0
rs2846630	2	0	11	114086475	-1	-1	1	1	0
rs3134900	3	0	6	31506180	-1	-1	2	-1	0
rs232464	2	0	21	21323001	-1	-1	0	-2	0
rs11755054	15	1	6	22656836	2381	87559	0	-2	0
rs9573980	13	0	13	77016606	-1	-1	1	-1	0
rs11762784	15	1	7	130739885	5709	50323	1	-1	0
rs34527938	15	1	11	12651790	110823	22631	1	-1	0
rs2068229	2	0	3	141904462	-1	-1	2	2	0
rs62143197	2	0	19	53817462	-1	-1	1	1	0
rs7955910	2	0	12	122169835	-1	-1	61	-1	0
rs10100265	2	0	8	10775649	-1	-1	1	2	0
rs11010013	15	1	10	34882190	6768	44585	2	1	0
rs6993770	2	0	8	105569300	-1	-1	1	2	0
rs75165347	2	0	10	116851824	-1	-1	13	0	0
rs6824567	2	0	4	2881445	-1	-1	0	-1	0
rs27524	2	0	5	96766240	-1	-1	2	2	0
rs13413443	2	0	2	165816439	-1	-1	0	-2	0
rs660240	13	0	1	109275216	-1	-1	2	-1	0
rs777022284	2	0	9	137477024	-1	-1	1	3	0
rs55836402	2	0	12	57218984	-1	-1	2	-1	0
rs7334078	2	0	13	98468230	-1	-1	0	-1	0
rs2011905	2	0	15	86510615	-1	-1	6	-1	0
rs35049342	2	0	5	3433534	-1	-1	0	-2	0
rs12794995	2	0	11	67605475	-1	-1	0	-2	0
rs11085824	7	1	19	12890733	3534	427	5	2	0
rs3804795	2	0	3	3088961	-1	-1	2	-1	0
rs4416442	2	0	4	88945562	-1	-1	114	2	0
rs34093919	3	0	19	40611394	-1	-1	0	-1	0
rs41314284	13	0	1	226602300	-1	-1	0	-2	0
rs148411008	2	0	2	170797762	-1	-1	0	-1	0
rs569550	2	0	11	1865838	-1	-1	12	0	0
rs9826470	2	0	3	37977937	-1	-1	0	-1	0
rs34061361	2	0	13	28044450	-1	-1	1	-1	0
rs61745454	3	0	5	151187456	-1	-1	0	2	0
rs7696431	2	0	4	168766574	-1	-1	1	1	0
rs6801153	15	1	3	24072206	91588	24063	0	-1	0
rs2690935	15	1	7	101767398	138102	48506	0	-1	0
rs229527	3	0	22	37185445	-1	-1	2	0	0
rs11639372	2	0	15	78674313	-1	-1	2	-1	0
rs1724425	2	0	17	45704381	-1	-1	0	-1	0
rs761426	2	0	1	17087404	-1	-1	0	3	0
rs4690774	2	0	4	143164174	-1	-1	0	-1	0
rs10922109	2	0	1	196735502	-1	-1	2	0	0
rs10499	13	0	16	28904206	-1	-1	0	2	0
rs155960	2	0	5	96463997	-1	-1	0	-1	0
rs35791980	2	0	7	77312230	-1	-1	0	-1	0
rs1928244	2	0	9	38058668	-1	-1	0	-1	0
rs2624816	2	0	3	50079879	-1	-1	1	2	0
rs35150201	7	1	7	135661514	867	982	0	-1	0
rs918959	2	0	2	180649002	-1	-1	0	-2	0
rs11219769	2	0	11	124750251	-1	-1	2	2	0
rs58548501	15	1	4	54635120	27989	22798	0	-2	0
rs113108263	2	0	16	71012619	-1	-1	0	0	0
rs73040036	15	1	3	23136443	1619	58627	0	-1	0
rs9649465	2	0	7	123736506	-1	-1	0	-2	0
rs4373117	2	0	4	144399368	-1	-1	0	-2	0
rs4074672	2	0	3	184012507	-1	-1	0	-1	0
rs35489971	3	0	17	74704804	-1	-1	2	0	0
rs11072811	2	0	15	78839988	-1	-1	2	-1	0
rs35060063	15	1	3	194956076	123484	112208	0	-2	0
rs672948	15	1	21	43373568	7002	40915	1	3	0
rs935116	15	1	15	87430512	383351	1546	0	-1	0
rs2288327	2	0	2	178546938	-1	-1	1	0	0
rs940904	2	0	12	123007025	-1	-1	6	2	0
rs7135989	2	0	12	48261485	-1	-1	0	-2	0
rs3100127	15	1	1	202191842	2387	2059	2	3	0
rs7197830	2	0	16	49755426	-1	-1	0	-2	0
rs17033506	15	1	3	35598334	341388	40611	0	-2	0
rs28384181	15	1	19	32339430	95347	6164	0	-1	0
rs186606513	11	0	2	96816264	-1	-1	2	3	0
rs45496701	13	0	1	33300620	-1	-1	0	-1	0
rs7925908	2	0	11	131276855	-1	-1	2	0	0
rs4787491	9	0	16	30004016	-1	-1	0	-1	0
rs9835332	3	0	3	56633654	-1	-1	0	-1	0
rs10818930	15	1	9	124228906	195605	28700	1	0	0
rs9838792	2	0	3	38505235	-1	-1	5	1	0
rs10861661	2	0	12	106780868	-1	-1	1	0	0
rs7212510	2	0	17	28376663	-1	-1	2	0	0
rs2239547	2	0	3	52821213	-1	-1	2	0	0
rs4765127	2	0	12	123975620	-1	-1	1	-1	0
rs138809958	2	0	10	70271142	-1	-1	2	-1	0
rs13131930	2	0	4	155693032	-1	-1	5	-1	0
rs62143198	2	0	19	53817685	-1	-1	1	1	0
rs116461311	2	0	4	20329377	-1	-1	2	0	0
rs2834512	2	0	21	34539301	-1	-1	1	2	0
rs201734206	3	0	8	73071865	-1	-1	0	-1	0
rs79060400	10	0	11	56701218	-1	-1	2	-1	0
rs2018683	15	1	7	28974579	15234	5388	0	-2	0
rs10074415	15	1	5	74252539	149323	6150	0	-2	0
rs3027234	9	0	17	8232774	-1	-1	1	-1	0
rs3742015	2	0	12	109579320	-1	-1	5	2	0
rs3844368	2	0	12	55707297	-1	-1	0	-1	0
rs80171383	2	0	11	46063126	-1	-1	1	2	0
rs141332218	15	1	19	46293976	33118	3070	1	2	0
rs140144628	15	1	16	50991515	90452	26029	0	-1	0
rs117582141	15	1	10	92804854	94246	29859	0	-1	0
rs180869103	15	1	7	27293230	23552	35377	0	-1	0
rs7775721	2	0	6	96609103	-1	-1	1	-1	0
rs150713181	2	0	6	38371756	-1	-1	102	0	0
rs1461729	2	0	8	9329732	-1	-1	0	-1	0
rs385893	16	1	9	4763176	21133	5441	0	-2	0
rs174560	9	0	11	61814292	-1	-1	1	2	0
rs4554975	2	0	12	46808031	-1	-1	2	-1	0
rs12401738	2	0	1	77981077	-1	-1	1	3	0
rs17603933	15	1	8	8310952	66087	6784	5	-1	0
rs1888560	2	0	14	20696086	-1	-1	2	-1	0
rs1840221	2	0	19	4932267	-1	-1	1	1	0
rs11708067	2	0	3	123346931	-1	-1	2	-1	0
rs7955901	2	0	12	71039513	-1	-1	2	0	0
rs7778619	15	1	7	10110349	128532	112448	0	-2	0
rs10087081	2	0	8	11117407	-1	-1	12	-1	0
rs2145272	15	1	20	6645571	117112	85687	1	-1	0
rs8099014	15	1	18	58442627	24999	3648	0	-1	0
rs1697692	2	0	3	107588656	-1	-1	1	2	0
rs11098739	2	0	4	124156708	-1	-1	0	-1	0
rs9367279	2	0	6	47480600	-1	-1	12	3	0
rs41264869	9	0	1	205061734	-1	-1	2	0	0
rs7182946	2	0	15	31102665	-1	-1	12	0	0
rs28866311	15	1	15	41149997	33643	7178	0	-1	0
rs10806425	2	0	6	90216893	-1	-1	1	3	0
rs7787893	15	1	7	22734818	2816	12857	0	-1	0
rs7395662	15	1	11	48497341	61	14932	2	1	0
rs7130753	15	1	11	111599843	38098	2606	2	3	0
rs1448903	2	0	2	206444237	-1	-1	2	2	0
rs2476601	3	0	1	113834946	-1	-1	1	2	0
rs140522	16	1	22	50532837	257	9468	0	-1	0
rs139745911	3	0	6	127446809	-1	-1	2	-1	0
rs429358	3	0	19	44908684	-1	-1	1	0	0
rs6664388	2	0	1	15581747	-1	-1	1	2	0
rs933561	2	0	16	49840765	-1	-1	1	-1	0
rs9820695	15	1	3	103612639	72152	18022	0	-2	0
rs10846167	2	0	12	15363011	-1	-1	2	0	0
rs8105753	16	1	19	31436641	9339	29012	1	2	0
rs2063886	15	1	3	181221	126875	14537	2	1	0
rs367166	2	0	21	36548079	-1	-1	12	-1	0
rs440837	15	1	8	80549739	6635	9131	1	3	0
rs7402982	2	0	15	98650040	-1	-1	2	1	0
rs1353899	2	0	3	177511191	-1	-1	0	-2	0
rs6792918	2	0	3	44815512	-1	-1	1	0	0
rs62466318	15	1	7	73627755	3212	40076	1	-1	0
rs4310999	15	1	2	210885574	206467	219360	1	0	0
rs442495	2	0	15	58730416	-1	-1	1	1	0
rs704	3	0	17	28367840	-1	-1	2	0	0
rs3847858	16	1	12	51924594	1233	27105	1	0	0
rs8009773	16	1	14	98725293	7527	119603	0	-1	0
rs772031	2	0	10	102261784	-1	-1	0	-1	0
rs7599312	16	1	2	212548507	9666	32850	1	2	0
rs1700874	15	1	1	219009516	93332	77086	0	-1	0
rs9938149	2	0	16	88298034	-1	-1	0	-1	0
rs2653559	2	0	11	8878847	-1	-1	0	-1	0
rs11986935	2	0	8	10834039	-1	-1	1	1	0
rs2338016	2	0	2	28462065	-1	-1	0	-1	0
rs67877276	7	1	5	176416883	314	22207	0	-1	0
rs3822939	2	0	6	133528651	-1	-1	0	-1	0
rs9273364	16	1	6	32658525	11463	942	2	2	0
rs2725236	15	1	4	87997954	14528	2283	0	-2	0
rs708886	2	0	12	119520897	-1	-1	0	-1	0
rs72681869	3	0	14	50188639	-1	-1	0	-1	0
rs7823467	15	1	8	59166175	28673	289710	1	1	0
rs12792526	15	1	11	130659324	111895	7411	2	0	0
rs715	13	0	2	210678331	-1	-1	1	0	0
rs4853525	15	1	2	190872738	164022	8059	0	-2	0
rs202007714	3	0	3	66383098	-1	-1	2	2	0
rs2250417	2	0	11	112214593	-1	-1	2	2	0
rs7319358	16	1	13	78976799	66257	113984	0	-2	0
rs9509989	2	0	13	22069427	-1	-1	0	-1	0
rs907611	16	1	11	1852842	11162	128	12	0	0
rs11727676	10	0	4	144737912	-1	-1	2	-1	0
rs7412	3	0	19	44908822	-1	-1	1	0	0
rs836788	2	0	5	80616225	-1	-1	1	2	0
rs13200945	15	1	6	130768937	71159	58469	0	-1	0
rs58950082	2	0	7	53790128	-1	-1	0	-1	0
rs9856151	2	0	3	131855641	-1	-1	89	0	0
rs2050058	2	0	20	41278348	-1	-1	1	-1	0
rs113809617	3	0	9	137205865	-1	-1	1	1	0
rs7236339	15	1	18	79819773	3244	43895	0	-2	0
rs7557092	2	0	2	151566945	-1	-1	0	-1	0
rs926070	2	0	6	32289789	-1	-1	0	-1	0
rs8008002	15	1	14	75398980	102342	24703	0	-1	0
rs2832227	2	0	21	29160755	-1	-1	1	3	0
rs16944558	2	0	18	442441	-1	-1	2	0	0
rs149053406	2	0	10	101692045	-1	-1	43	2	0
rs1054442	13	0	12	48995537	-1	-1	0	-1	0
rs11473501	16	1	2	113106902	19991	312	2	0	0
rs66782572	3	0	3	52533601	-1	-1	5	2	0
rs679711	9	0	3	109810703	-1	-1	0	-2	0
rs904974	16	1	15	70155243	57067	37993	1	1	0
rs10790268	15	1	11	118858682	22571	25084	2	2	0
rs112371874	15	1	7	115917358	83985	17790	0	-2	0
rs12630213	2	0	3	14912904	-1	-1	6	2	0
rs967645	2	0	17	28386951	-1	-1	17	1	0
rs2894254	2	0	6	32377912	-1	-1	2	-1	0
rs6676300	16	1	1	11865243	6298	12527	2	-1	0
rs4630562	2	0	16	30489664	-1	-1	2	0	0
rs13290326	2	0	9	113934345	-1	-1	1	-1	0
rs7308105	13	0	12	54030339	-1	-1	1	-1	0
rs72763726	16	1	5	82749027	161616	16377	0	-2	0
rs10919388	15	1	1	170403362	32995	57091	1	2	0
rs4851254	16	1	2	100146475	3736	61779	1	1	0
rs582757	2	0	6	137876687	-1	-1	1	1	0
rs4664602	2	0	2	152686071	-1	-1	0	-1	0
rs12600452	2	0	17	46977198	-1	-1	0	-1	0
rs56113807	3	0	10	94683966	-1	-1	2	-1	0
rs7940866	15	1	11	130947684	31175	56444	12	0	0
rs9385399	2	0	6	126437887	-1	-1	0	-1	0
rs25884	16	1	5	132076545	375	3521	0	-1	0
rs4785495	2	0	16	51033054	-1	-1	0	-1	0
rs79898473	2	0	5	180171771	-1	-1	55	2	0
rs8043085	2	0	15	38535939	-1	-1	6	-1	0
rs145228677	15	1	17	14641688	220662	63388	0	-2	0
rs2725261	2	0	4	88115201	-1	-1	1	0	0
rs35210477	2	0	7	56044524	-1	-1	5	2	0
rs114381917	2	0	3	65559892	-1	-1	1	2	0
rs7260538	2	0	19	41008135	-1	-1	2	0	0
rs60146811	2	0	19	18110403	-1	-1	0	-1	0
rs12894936	2	0	14	100380654	-1	-1	100	2	0
rs190135744	15	1	4	32917220	564000	93728	0	-2	0
rs7251730	15	1	19	36506245	8086	4442	1	3	0
rs226090	2	0	17	35707040	-1	-1	0	-1	0
rs574509444	2	0	12	41565450	-1	-1	6	0	0
rs111741722	2	0	2	233757337	-1	-1	2	0	0
rs13206405	2	0	6	72954091	-1	-1	12	1	0
rs7596264	2	0	2	143411066	-1	-1	11	-1	0
rs7677035	2	0	4	144516167	-1	-1	0	-2	0
rs75736976	2	0	16	48368670	-1	-1	0	-1	0
rs3783007	2	0	13	98457562	-1	-1	1	2	0
rs76765968	2	0	10	85934535	-1	-1	2	-1	0
rs7212510	2	0	17	28376663	-1	-1	17	1	0
rs4965006	2	0	12	131934988	-1	-1	0	-2	0
rs1719271	2	0	15	64891602	-1	-1	2	0	0
rs58376190	2	0	8	127452704	-1	-1	1	-1	0
rs8029440	15	1	15	90866284	10077	2304	2	1	0
rs7209400	2	0	17	49372695	-1	-1	0	-1	0
rs9830359	2	0	3	85347968	-1	-1	0	-1	0
rs855791	3	0	22	37066896	-1	-1	1	-1	0
rs7535528	3	0	1	2512975	-1	-1	0	-1	0
rs212526	2	0	1	21258448	-1	-1	0	-1	0
rs75077113	2	0	1	11154525	-1	-1	0	-1	0
rs7306438	2	0	12	15124179	-1	-1	0	-1	0
rs118064296	15	1	16	67025644	5827	3340	0	-1	0
rs12135881	2	0	1	4721862	-1	-1	12	-1	0
rs17803780	2	0	9	4849647	-1	-1	1	-1	0
rs7004587	15	1	8	107028124	46553	145076	0	-2	0
rs12299509	2	0	12	4297115	-1	-1	1	0	0
rs1444766	2	0	3	124206424	-1	-1	2	1	0
rs28498976	16	1	4	31149735	2930	21409	2	1	0
rs144442299	2	0	15	54002995	-1	-1	6	-1	0
rs74715904	15	1	4	45176064	124412	147189	1	3	0
rs13141641	2	0	4	144585304	-1	-1	2	-1	0
rs4410768	2	0	6	31121931	-1	-1	2	0	0
rs77544685	15	1	11	116082456	130965	414443	0	-2	0
rs1887428	11	0	9	4984530	-1	-1	1	2	0
rs116843064	3	0	19	8364439	-1	-1	2	0	0
rs73351820	2	0	10	102810527	-1	-1	12	2	0
rs1175550	2	0	1	3774964	-1	-1	0	-1	0
rs6598858	15	1	1	26583274	8244	9969	1	2	0
rs10775360	2	0	17	70329727	-1	-1	12	3	0
rs62055546	2	0	17	45887201	-1	-1	2	2	0
rs7691456	2	0	4	100706625	-1	-1	0	-2	0
rs1261078	16	1	18	55199560	52915	22771	1	2	0
rs6735318	15	1	2	159289854	3055	29125	0	-1	0
rs1218822	2	0	13	27437826	-1	-1	0	-1	0
rs401599	2	0	20	14830831	-1	-1	0	-2	0
rs4959130	15	1	6	1356681	32659	27109	1	-1	0
rs37060	11	0	16	58532400	-1	-1	1	3	0
rs145463728	2	0	13	43665045	-1	-1	0	-1	0
rs7786095	2	0	7	157191153	-1	-1	1	2	0
rs117329947	2	0	12	105391125	-1	-1	0	2	0
rs79316200	2	0	17	82935712	-1	-1	12	-1	0
rs3791679	2	0	2	55869757	-1	-1	2	0	0
rs62380354	2	0	5	90189094	-1	-1	0	-1	0
rs3020623	2	0	7	101129564	-1	-1	0	-1	0
rs11022756	2	0	11	13293892	-1	-1	1	2	0
rs11960210	2	0	5	158390626	-1	-1	0	-1	0
rs34324971	2	0	7	74693042	-1	-1	1	3	0
rs7255672	9	0	19	13839507	-1	-1	0	-1	0
rs2860031	15	1	1	30052867	15255	87396	0	-2	0
rs62392365	2	0	6	25371141	-1	-1	0	-1	0
rs1799895	3	0	4	24800212	-1	-1	1	1	0
rs4241818	2	0	4	186232632	-1	-1	2	-1	0
rs5030044	2	0	3	186731333	-1	-1	2	0	0
rs4841132	9	0	8	9326086	-1	-1	0	-1	0
rs9472521	2	0	6	45602126	-1	-1	0	-1	0
rs3219090	2	0	1	226376990	-1	-1	1	3	0
rs76428106	2	0	13	28029870	-1	-1	1	-1	0
rs761164	16	1	1	39885979	2468	9447	0	-1	0
rs35621564	16	1	7	20547220	131466	34852	0	-1	0
rs943466	15	1	6	33764010	17105	7192	1	3	0
rs76142193	2	0	4	97621608	-1	-1	0	-1	0
rs34864445	2	0	3	136104082	-1	-1	6	2	0
rs2342406	2	0	2	44925609	-1	-1	1	-1	0
rs76082815	3	0	13	75821206	-1	-1	1	0	0
rs117006983	2	0	16	70721707	-1	-1	12	1	0
rs11591147	3	0	1	55039974	-1	-1	2	-1	0
rs11672691	9	0	19	41479679	-1	-1	0	-1	0
rs4866650	15	1	5	2448476	186453	264115	0	-2	0
rs5995177	2	0	22	35913505	-1	-1	1	2	0
rs4968200	15	1	17	7545140	7944	3918	2	-1	0
rs35285455	3	0	11	66043141	-1	-1	0	-1	0
rs11762784	15	1	7	130739885	5709	50323	1	-1	0
rs10125337	16	1	9	94681756	41507	44945	5	1	0
rs1678527	15	1	12	57658265	25026	16400	0	-1	0
rs9384488	16	1	6	156688247	25810	85970	1	2	0
rs25981	2	0	5	107487207	-1	-1	2	2	0
rs12133576	2	0	1	93350843	-1	-1	0	-1	0
rs3904778	2	0	9	16681995	-1	-1	1	0	0
rs11710077	2	0	3	38616408	-1	-1	2	-1	0
rs7240432	2	0	18	9590898	-1	-1	0	-2	0
rs12287212	15	1	11	14428315	63809	12472	0	-1	0
rs62143197	2	0	19	53817462	-1	-1	1	1	0
rs72953990	16	1	1	87599174	145801	21629	1	2	0
rs12136737	2	0	1	184482448	-1	-1	0	-2	0
rs11881751	2	0	19	4997409	-1	-1	1	-1	0
rs10790969	2	0	11	128659947	-1	-1	1	-1	0
rs9893132	15	1	17	40598769	184	26193	2	0	0
rs4977726	2	0	9	21503813	-1	-1	0	-1	0
rs704	3	0	17	28367840	-1	-1	2	0	0
rs147622113	2	0	19	10661265	-1	-1	1	-1	0
rs2373011	2	0	12	99567571	-1	-1	1	0	0
rs17037390	9	0	1	11800786	-1	-1	52	0	0
rs12713372	2	0	2	58149879	-1	-1	1	2	0
rs61903723	16	1	11	90235078	8540	16126	0	-2	0
rs11748023	2	0	5	140178999	-1	-1	12	0	0
rs1858001	15	1	1	207314659	5367	6717	2	0	0
rs838145	9	0	19	48745473	-1	-1	2	0	0
rs591118	2	0	11	104095993	-1	-1	2	0	0
rs7555082	15	1	1	198629533	30665	8924	2	0	0
rs1670533	2	0	4	1084399	-1	-1	1	2	0
rs7212510	2	0	17	28376663	-1	-1	2	0	0
rs17057164	2	0	6	96962660	-1	-1	102	0	0
rs13043754	15	1	20	2803125	2498	11843	2	-1	0
rs13042504	15	1	20	45508536	16865	3925	2	0	0
rs72941051	16	1	11	65711422	15585	574	1	2	0
rs10994707	15	1	10	61291201	264781	115442	2	-1	0
rs4635580	2	0	20	42321191	-1	-1	2	1	0
rs61612642	2	0	6	42229969	-1	-1	1	0	0
rs377602035	2	0	4	109937360	-1	-1	2	-1	0
rs4440177	15	1	4	162321901	157897	287	0	-2	0
rs2181540	13	0	13	113098850	-1	-1	0	-1	0
rs6432852	2	0	2	165898043	-1	-1	153	2	0
rs142783062	2	0	4	99349804	-1	-1	6	2	0
rs7628747	2	0	3	46960500	-1	-1	0	2	0
rs2566774	2	0	1	68229194	-1	-1	0	-1	0
rs2660753	15	1	3	87061524	8786	27605	0	-2	0
rs12143842	15	1	1	162064100	24533	5591	1	1	0
rs159963	2	0	1	8444361	-1	-1	1	1	0
rs62184863	15	1	2	203819074	36931	48697	1	0	0
rs11847697	2	0	14	30045906	-1	-1	1	2	0
rs10789340	15	1	1	72474590	172761	243073	0	-1	0
rs57070010	2	0	19	17539799	-1	-1	0	-1	0
rs17154702	2	0	8	8752370	-1	-1	0	-2	0
rs115455308	2	0	2	70815286	-1	-1	2	-1	0
rs61332075	15	1	2	238407919	7022	4723	157	2	0
rs10513249	15	1	9	114541631	36158	31270	0	-1	0
rs2215893	2	0	2	59248865	-1	-1	0	-2	0
rs337718	15	1	18	72107043	162466	429637	2	-1	0
rs35042446	3	0	1	40237572	-1	-1	0	-1	0
rs11694842	2	0	2	25260101	-1	-1	1	3	0
rs75575209	2	0	2	57911057	-1	-1	1	2	0
rs1234214	2	0	10	87938433	-1	-1	0	-1	0
rs535211063	2	0	18	50009408	-1	-1	0	-1	0
rs600231	16	1	11	65493175	4947	4513	1	0	0
rs453301	2	0	8	9172877	-1	-1	0	-1	0
rs879394	15	1	3	168992055	63457	10967	0	-1	0
rs2025151	2	0	9	96399230	-1	-1	1	1	0
rs112925537	2	0	15	41042016	-1	-1	1	-1	0
rs77300780	15	1	19	45663346	11541	4875	2	2	0
rs10830963	2	0	11	92975544	-1	-1	2	0	0
rs111226164	2	0	6	157589659	-1	-1	5	3	0
rs2365389	2	0	3	61250788	-1	-1	1	2	0
rs758747	11	0	16	3577357	-1	-1	5	-1	0
rs6566233	9	0	18	55778699	-1	-1	0	-1	0
rs2880961	15	1	3	88475025	7463	126036	0	0	0
rs9521634	2	0	13	110181552	-1	-1	2	1	0
rs28371438	2	0	21	32986517	-1	-1	0	-1	0
rs1531518	15	1	18	55813137	24376	4030	1	2	0
rs10931982	15	1	2	201967407	39864	65363	2	3	0
rs1548945	2	0	2	216801065	-1	-1	1	0	0
rs35727810	15	1	5	107042090	31076	153066	0	-1	0
rs7212510	2	0	17	28376663	-1	-1	2	0	0
rs1129187	3	0	6	42964462	-1	-1	5	2	0
rs4868125	15	1	5	171854871	58745	6678	1	3	0
rs7186908	15	1	16	72186474	9596	38091	2	0	0
rs483082	9	0	19	44912921	-1	-1	2	0	0
rs113477878	2	0	9	16542760	-1	-1	1	0	0
rs72780191	2	0	2	23784252	-1	-1	1	3	0
rs2634047	2	0	8	84784102	-1	-1	0	-1	0
rs181957530	2	0	4	161420812	-1	-1	2	-1	0
rs17180489	2	0	14	72418763	-1	-1	1	-1	0
rs200779223	2	0	6	31456805	-1	-1	0	-1	0
rs11168854	2	0	12	49091590	-1	-1	2	-1	0
rs2033529	15	1	6	40380914	1027	10672	0	-1	0
rs61879614	2	0	11	8058878	-1	-1	1	2	0
rs117413473	2	0	6	71939241	-1	-1	2	0	0
rs4656958	16	1	1	160887174	1994	7806	2	-1	0
rs114824220	2	0	3	8344691	-1	-1	0	-1	0
rs28361986	15	1	11	118822452	368	11394	2	2	0
rs7700167	15	1	4	34925985	211387	40256	0	-1	0
rs35479618	3	0	1	153689947	-1	-1	0	-1	0
rs551087	2	0	12	120771390	-1	-1	12	0	0
rs526631	15	1	11	65914494	13921	2316	1	2	0
rs4703904	2	0	5	72466717	-1	-1	1	2	0
rs4916588	15	1	3	196946034	2491	322	2	0	0
rs1006737	2	0	12	2236129	-1	-1	1	3	0
rs12482947	2	0	21	42431928	-1	-1	0	-1	0
rs4907622	2	0	13	113362571	-1	-1	114	2	0
rs7212510	2	0	17	28376663	-1	-1	2	0	0
rs116557595	2	0	4	161980073	-1	-1	0	-1	0
rs10519203	2	0	15	78521704	-1	-1	0	-1	0
rs78936994	2	0	8	119881968	-1	-1	9	2	0
rs9932866	9	0	16	656067	-1	-1	100	2	0
rs4886238	2	0	13	60539605	-1	-1	1	2	0
rs1325598	2	0	1	176823113	-1	-1	2	0	0
rs140328462	15	1	14	73840778	169	11066	1	3	0
rs1609391	2	0	3	136896426	-1	-1	0	-2	0
rs4495740	2	0	1	62658794	-1	-1	12	-1	0
rs6054375	16	1	20	6597982	69523	133276	1	-1	0
rs143404520	2	0	5	137070147	-1	-1	2	-1	0
rs274567	9	0	5	132378717	-1	-1	2	0	0
rs3769309	2	0	2	172815054	-1	-1	5	2	0
rs11865690	9	0	16	690682	-1	-1	0	-1	0
rs12501071	2	0	4	144569207	-1	-1	0	-2	0
rs35768130	2	0	5	6704438	-1	-1	0	-1	0
rs10507824	15	1	13	74054545	59489	176912	0	-2	0
rs201514157	3	0	1	158613814	-1	-1	6	0	0
rs9939914	16	1	16	89873521	2202	49	1	2	0
rs9792548	2	0	9	86958168	-1	-1	2	2	0
rs17319721	2	0	4	76447694	-1	-1	9	2	0
rs283228	2	0	6	101307117	-1	-1	0	-2	0
rs3748784	7	1	1	96721618	25451	47	1	0	0
rs2529471	2	0	14	72346561	-1	-1	0	-2	0
rs943580	15	1	1	230701298	7316	1225	0	-1	0
rs4788099	2	0	16	28844406	-1	-1	5	3	0
rs79749804	2	0	10	122873151	-1	-1	2	0	0
rs7852065	2	0	9	125699744	-1	-1	0	-1	0
rs12447804	2	0	16	58041378	-1	-1	2	3	0
rs2381416	15	1	9	6193455	126741	2479	0	-1	0
rs6691768	2	0	1	61326191	-1	-1	1	3	0
rs17091269	2	0	1	71484220	-1	-1	0	-2	0
rs3217810	2	0	12	4279105	-1	-1	1	0	0
rs1891058	2	0	1	213764039	-1	-1	0	-1	0
rs117539635	2	0	15	69390577	-1	-1	0	-1	0
rs9378671	2	0	6	2040937	-1	-1	13	2	0
rs28629977	15	1	1	16170777	8894	27077	2	-1	0
rs6913406	2	0	6	153065807	-1	-1	0	-2	0
rs4821764	9	0	22	38203357	-1	-1	1	1	0
rs10835483	15	1	11	29109058	45237	50898	0	-1	0
rs10251279	2	0	7	83911	-1	-1	0	-1	0
rs41307935	13	0	1	26854576	-1	-1	5	2	0
rs4812833	2	0	20	44440356	-1	-1	1	0	0
rs17537246	2	0	2	207879830	-1	-1	6	2	0
rs10968576	2	0	9	28414341	-1	-1	2	0	0
rs180977001	7	1	3	58332737	2619	143	1	2	0
rs10887265	2	0	10	84255817	-1	-1	2	-1	0
rs1480597	15	1	10	44665661	63557	140782	0	-2	0
rs11098699	2	0	4	123250679	-1	-1	5	1	0
rs143155169	2	0	19	15367524	-1	-1	0	-1	0
rs1158660	2	0	17	45867922	-1	-1	0	-1	0
rs140647145	2	0	9	89382449	-1	-1	2	2	0
rs185694	15	1	13	30311086	3535	5274	1	-1	0
rs17391694	15	1	1	78157942	19498	12539	9	0	0
rs78589086	15	1	9	30889009	56784	46476	0	-2	0
rs11209026	3	0	1	67240275	-1	-1	2	1	0
rs10019681	2	0	4	88911381	-1	-1	114	2	0
rs11686508	15	1	2	62475871	11801	15307	0	-2	0
rs8904	13	0	14	35402011	-1	-1	1	2	0
rs6084309	2	0	20	3222468	-1	-1	5	2	0
rs3824662	2	0	10	8062245	-1	-1	1	3	0
rs35441874	2	0	16	11119164	-1	-1	0	-1	0
rs11057396	9	0	12	123934515	-1	-1	0	0	0
rs62250714	2	0	3	85466626	-1	-1	2	0	0
rs564789596	2	0	5	128605589	-1	-1	0	-1	0
rs11153730	15	1	6	118346359	28683	106110	0	-2	0
rs6063050	2	0	20	46975601	-1	-1	1	3	0
rs35084376	15	1	16	51129209	21188	6766	0	-1	0
rs8033165	15	1	15	28760947	1743	2493	0	-2	0
rs10420089	2	0	19	43183618	-1	-1	2	0	0
rs34922454	2	0	12	47798279	-1	-1	1	-1	0
rs887258	2	0	17	61402219	-1	-1	1	2	0
rs73887965	2	0	3	186596838	-1	-1	1	2	0
rs11592899	16	1	10	69574027	789	1780	0	-1	0
rs10155981	2	0	7	22716844	-1	-1	0	-1	0
rs11111197	2	0	12	102185741	-1	-1	1	0	0
rs10928827	15	1	2	128700224	118648	363622	2	-1	0
rs749307626	2	0	13	50055529	-1	-1	0	-1	0
rs2383101	3	0	9	19576951	-1	-1	0	-2	0
rs1801689	3	0	17	66214462	-1	-1	2	0	0
rs111394397	2	0	11	62584219	-1	-1	1	-1	0
rs8113091	15	1	19	10239014	7683	12887	0	-1	0
rs2861422	2	0	3	142005802	-1	-1	1	3	0
rs11047543	15	1	12	24635405	50856	7282	0	-1	0
rs149685227	2	0	16	51152313	-1	-1	0	-1	0
rs73173948	15	1	3	118689800	132132	210757	0	-1	0
rs4744239	15	1	9	93404100	28433	13755	0	-1	0
rs1328454	2	0	20	49823486	-1	-1	12	0	0
rs12966270	2	0	18	60821039	-1	-1	0	-1	0
rs2765974	2	0	10	11246455	-1	-1	0	-1	0
rs6575803	2	0	14	100791418	-1	-1	0	-1	0
rs55685444	7	1	5	33470746	1207	31326	5	3	0
rs13331	13	0	17	7190147	-1	-1	0	-1	0
rs72638977	2	0	8	41683104	-1	-1	0	-1	0
rs6971109	15	1	7	21183171	154358	32366	0	-2	0
rs13191362	2	0	6	162612318	-1	-1	1	-1	0
rs7310615	2	0	12	111427245	-1	-1	11	3	0
rs2109648	2	0	17	66493586	-1	-1	1	0	0
rs147851892	2	0	8	24376842	-1	-1	0	-2	0
rs61098410	2	0	2	168622351	-1	-1	0	-1	0
rs13204086	2	0	6	124084010	-1	-1	12	-1	0
rs35483388	2	0	11	122674438	-1	-1	0	-1	0
rs10459247	2	0	12	56777732	-1	-1	0	-1	0
rs10510452	15	1	3	16583541	42168	3251	1	0	0
rs6565174	2	0	16	30100583	-1	-1	0	-1	0
rs36023701	2	0	4	144544309	-1	-1	0	-2	0
rs1799945	3	0	6	26090951	-1	-1	2	1	0
rs6845078	2	0	4	17950585	-1	-1	1	2	0
rs4852778	2	0	2	71317824	-1	-1	1	3	0
rs1059440	3	0	11	64224329	-1	-1	5	2	0
rs4660303	15	1	1	39594801	18011	29352	1	2	0
rs61751937	3	0	9	110549951	-1	-1	2	1	0
rs117612853	15	1	10	9385373	98316	336590	0	-1	0
rs4140885	2	0	2	187468337	-1	-1	2	2	0
rs11755845	16	1	6	43937043	84710	58680	1	2	0
rs72796106	2	0	2	23678492	-1	-1	0	-1	0
rs1192553	15	1	1	17967858	140795	47854	0	-1	0
rs56123029	15	1	8	123661390	2820	19404	102	2	0
rs1268119	2	0	6	126054435	-1	-1	5	-1	0
rs41284486	9	0	13	113920848	-1	-1	0	-1	0
rs72700118	2	0	1	170225682	-1	-1	0	-1	0
rs4257994	15	1	8	59935098	41156	114489	0	-1	0
rs17630466	2	0	4	26084947	-1	-1	1	0	0
rs6928583	2	0	6	97950266	-1	-1	0	-1	0
rs255056	15	1	16	67982282	1453	5112	2	0	0
rs9513675	2	0	13	99840906	-1	-1	5	3	0
rs4141278	16	1	7	25817905	66911	130752	1	2	0
rs3850174	2	0	3	172646303	-1	-1	2	1	0
rs12613336	16	1	2	210704675	25568	400259	1	0	0
rs2870238	2	0	4	76451926	-1	-1	9	2	0
rs9895661	9	0	17	61379228	-1	-1	1	2	0
rs11683203	15	1	2	19836950	10375	31910	0	-1	0
rs184886314	2	0	1	160348147	-1	-1	2	1	0
rs12319419	2	0	12	54026992	-1	-1	1	-1	0
rs2246662	10	0	1	204974819	-1	-1	2	1	0
rs10943605	13	0	6	78945760	-1	-1	1	2	0
rs10507380	15	1	13	27305389	31699	38298	150	2	0
rs1492546	2	0	2	80786611	-1	-1	2	0	0
rs9982370	2	0	21	38493931	-1	-1	1	2	0
rs9739682	2	0	12	62122868	-1	-1	2	-1	0
rs4988958	10	0	2	102351825	-1	-1	0	-1	0
rs116908763	11	0	15	44427813	-1	-1	0	-1	0
rs4685448	2	0	3	210661	-1	-1	0	-2	0
rs9541009	2	0	13	67122540	-1	-1	2	-1	0
rs7174222	2	0	15	80726202	-1	-1	0	-1	0
rs10968577	2	0	9	28415514	-1	-1	2	0	0
rs12203240	2	0	6	24748876	-1	-1	0	-1	0
rs6882169	2	0	5	168241225	-1	-1	0	-1	0
rs6733011	2	0	2	98849039	-1	-1	0	-2	0
rs6983473	2	0	8	28048371	-1	-1	0	-1	0
rs4929923	13	0	11	8617653	-1	-1	1	2	0
rs7219669	16	1	17	70525720	156804	103197	12	3	0
rs1799945	3	0	6	26090951	-1	-1	2	1	0
rs6435387	2	0	2	149008736	-1	-1	5	1	0
rs12446632	15	1	16	19924067	37900	107418	1	3	0
rs7212510	2	0	17	28376663	-1	-1	2	0	0
rs11229457	3	0	11	58439730	-1	-1	2	-1	0
rs11105352	2	0	12	89632685	-1	-1	1	2	0
rs56142708	2	0	17	20031650	-1	-1	0	-1	0
rs1052053	3	0	1	156232382	-1	-1	2	0	0
rs60695258	2	0	4	87101557	-1	-1	1	-1	0
rs6001508	15	1	22	39221697	65752	1662	0	-1	0
rs6435326	2	0	2	206137835	-1	-1	0	-1	0
rs4354968	2	0	16	76434236	-1	-1	0	-2	0
rs74910171	2	0	2	55248851	-1	-1	0	-1	0
rs72913475	2	0	18	46590193	-1	-1	70	-1	0
rs380286	2	0	5	1320132	-1	-1	1	0	0
rs6031435	2	0	20	44168718	-1	-1	12	1	0
rs3764002	3	0	12	108224853	-1	-1	2	1	0
rs67671377	15	1	16	79343247	78674	162356	1	2	0
rs187306222	10	0	2	27579638	-1	-1	0	-1	0
rs2395029	9	0	6	31464003	-1	-1	161	-1	0
rs2000999	2	0	16	72074194	-1	-1	2	0	0
rs7986115	2	0	13	100093224	-1	-1	0	-1	0
rs7153027	15	1	14	91960878	12891	5113	2	0	0
rs12928822	2	0	16	11310036	-1	-1	12	2	0
rs79891622	2	0	2	62804787	-1	-1	0	-1	0
rs795230	15	1	11	30752978	122470	77391	0	-1	0
rs17514846	2	0	15	90873320	-1	-1	2	1	0
rs2288884	2	0	19	52029018	-1	-1	1	-1	0
rs8054198	7	1	16	10944503	1482	61	12	2	0
rs112925537	2	0	15	41042016	-1	-1	1	-1	0
rs12991495	2	0	2	25263901	-1	-1	1	3	0
rs2241069	11	0	4	8601071	-1	-1	2	-1	0
rs1061810	13	0	11	43856384	-1	-1	5	1	0
rs1613662	3	0	19	55025227	-1	-1	2	0	0
rs183427010	2	0	19	44863241	-1	-1	0	-1	0
rs9302817	2	0	16	6113935	-1	-1	1	0	0
rs1788097	2	0	18	69876452	-1	-1	2	0	0
rs926331	15	1	22	37114032	4319	11811	1	-1	0
rs6798167	15	1	3	117241591	102202	302614	2	-1	0
rs1994090	2	0	12	40034759	-1	-1	5	0	0
rs28830936	15	1	15	41614210	1483	7014	0	-1	0
rs10790162	2	0	11	116768388	-1	-1	1	3	0
rs4848924	2	0	2	124234310	-1	-1	0	-2	0
rs708686	15	1	19	5840608	877	2280	2	1	0
rs72902523	16	1	18	38985457	297459	30590	0	-1	0
rs17248480	2	0	4	101514108	-1	-1	88	0	0
rs116358000	2	0	4	42193251	-1	-1	0	-1	0
rs35857674	2	0	8	50252848	-1	-1	1	0	0
rs559233	2	0	7	26809211	-1	-1	1	0	0
rs66760320	15	1	6	43938518	86185	57205	1	2	0
rs12328675	13	0	2	164684290	-1	-1	0	-1	0
rs1059490	13	0	6	26171022	-1	-1	0	-2	0
rs1146849	16	1	13	72298068	383890	155834	0	-2	0
rs1805128	3	0	21	34449382	-1	-1	2	-1	0
rs7741021	2	0	6	127147129	-1	-1	2	2	0
rs6968518	15	1	7	46446365	102744	30092	0	-1	0
rs369457490	2	0	9	137038609	-1	-1	2	2	0
rs428225	2	0	2	70532029	-1	-1	1	2	0
rs73529860	15	1	9	95537018	19961	62420	2	3	0
rs2767713	2	0	9	82184622	-1	-1	0	-1	0
rs10742591	2	0	11	41527406	-1	-1	0	-1	0
rs12806498	2	0	11	55304706	-1	-1	0	-1	0
rs67806247	2	0	19	1014539	-1	-1	2	-1	0
rs12150284	2	0	17	10127773	-1	-1	1	0	0
rs35673026	3	0	16	67942948	-1	-1	2	-1	0
rs76557027	2	0	2	176650122	-1	-1	0	-1	0
rs6851943	2	0	4	100203265	-1	-1	0	-1	0
rs17016200	15	1	3	78502757	208026	22344	2	2	0
rs7090690	2	0	10	96975483	-1	-1	0	-1	0
rs7030373	15	1	9	118399648	316266	288104	0	-1	0
rs8008270	2	0	14	52905612	-1	-1	95	1	0
rs4777542	2	0	15	72790025	-1	-1	2	1	0
rs10954935	2	0	8	33812861	-1	-1	1	1	0
rs3945119	15	1	1	90670307	12343	41232	0	-1	0
rs2288874	2	0	19	41346870	-1	-1	1	0	0
rs2053316	2	0	2	222229770	-1	-1	1	2	0
rs753833181	13	0	13	32402504	-1	-1	0	2	0
rs78015699	2	0	19	18376857	-1	-1	116	3	0
rs1117490	2	0	6	30202733	-1	-1	1	2	0
rs1470895	2	0	11	9500590	-1	-1	0	-1	0
rs1381486	15	1	8	106951998	181754	28969	161	2	0
rs35069269	2	0	7	72280714	-1	-1	0	-2	0
rs6871626	2	0	5	159399784	-1	-1	2	0	0
rs978297	2	0	4	158960176	-1	-1	0	-2	0
rs13149993	15	1	4	80237391	33062	29208	1	-1	0
rs16892766	15	1	8	116618444	214687	23686	87	2	0
rs489286	2	0	1	160752760	-1	-1	2	0	0
rs7224737	2	0	17	42137346	-1	-1	5	2	0
rs11790388	9	0	9	126978004	-1	-1	0	-2	0
rs13219424	2	0	6	128010939	-1	-1	0	-1	0
rs7497304	2	0	15	90885946	-1	-1	5	2	0
rs10485376	2	0	6	17422305	-1	-1	12	0	0
rs864265	15	1	3	186836503	9166	6201	2	-1	0
rs6807381	2	0	3	58663608	-1	-1	2	0	0
rs219140	2	0	2	32981882	-1	-1	0	-1	0
rs2292354	13	0	12	109930396	-1	-1	1	2	0
rs7314056	2	0	12	121905058	-1	-1	1	2	0
rs7762246	15	1	6	51234458	321202	150824	0	-1	0
rs11077343	2	0	16	3486999	-1	-1	0	-1	0
rs1998422	15	1	14	102514656	4857	24988	0	-1	0
rs62024517	2	0	15	85404905	-1	-1	1	3	0
rs2880418	15	1	4	155148727	319914	24989	2	-1	0
rs6891790	16	1	5	173243742	8431	10448	1	-1	0
rs7524755	13	0	1	165725660	-1	-1	12	-1	0
rs7970350	15	1	12	65966384	89	57236	1	1	0
rs17028615	2	0	4	99150767	-1	-1	6	0	0
rs3936510	2	0	5	56565039	-1	-1	5	2	0
rs11209240	16	1	1	68260224	17169	22164	2	3	0
rs62424521	2	0	6	131878279	-1	-1	2	1	0
rs4294650	13	0	13	20782401	-1	-1	0	-2	0
rs9643297	2	0	8	133471452	-1	-1	2	2	0
rs7937459	16	1	11	45047020	68992	48786	1	3	0
rs71382075	2	0	16	68796765	-1	-1	2	3	0
rs754133	2	0	12	54025136	-1	-1	1	-1	0
rs7528419	13	0	1	109274570	-1	-1	2	-1	0
rs1542212	2	0	3	35642443	-1	-1	164	0	0
rs1898349	2	0	10	117057556	-1	-1	1	-1	0
rs9513754	2	0	13	100391166	-1	-1	0	-2	0
rs7004766	2	0	8	23738427	-1	-1	1	-1	0
rs4467099	3	0	16	11449038	-1	-1	0	-2	0
rs335810	2	0	15	60076007	-1	-1	1	2	0
rs3937593	15	1	2	85983150	77951	37066	0	-1	0
rs35104894	15	1	4	55706027	69329	92609	0	-2	0
rs77956314	16	1	12	116885562	4121	22750	6	0	0
rs1037116	16	1	15	101528701	352	33835	0	-1	0
rs6850606	15	1	4	42862679	155344	29717	86	-1	0
rs73581580	2	0	9	137357006	-1	-1	0	-1	0
rs3129934	2	0	6	32368410	-1	-1	0	-1	0
rs12534970	15	1	7	14991882	5808	74325	5	-1	0
rs9458859	2	0	6	163562826	-1	-1	0	-1	0
rs79125412	2	0	2	52282954	-1	-1	0	-1	0
rs4313034	9	0	6	30006148	-1	-1	0	-1	0
rs12325508	2	0	16	80150416	-1	-1	0	-1	0
rs12913832	2	0	15	28120472	-1	-1	1	2	0
rs737037	2	0	17	62519936	-1	-1	0	-2	0
rs12517438	15	1	5	30841947	476263	211618	0	-1	0
rs4886782	2	0	15	73936469	-1	-1	2	0	0
rs11024028	2	0	11	16735326	-1	-1	1	0	0
rs492400	2	0	2	218485029	-1	-1	1	2	0
rs1908671	16	1	12	69039624	68054	172484	2	3	0
rs12102677	2	0	16	88950086	-1	-1	1	3	0
rs4477562	15	1	13	53530833	119953	284586	0	-1	0
rs1392140	2	0	1	55636149	-1	-1	0	-1	0
rs72746773	2	0	5	43050658	-1	-1	0	-1	0
rs201220830	16	1	6	34227400	7334	9473	2	0	0
rs115148171	15	1	11	76730556	10755	29360	0	-2	0
rs11717195	2	0	3	123363551	-1	-1	2	-1	0
rs150751768	15	1	1	218504461	59842	5635	0	-2	0
rs999943	2	0	6	33656956	-1	-1	1	2	0
rs7692976	2	0	4	109990411	-1	-1	2	-1	0
rs1968252	15	1	19	7782850	13245	4699	0	-1	0
rs2942194	3	0	8	23566156	-1	-1	12	0	0
rs10914684	2	0	1	33329971	-1	-1	0	-1	0
rs11793768	16	1	9	133241275	12684	9126	2	-1	0
rs76891117	2	0	14	72933129	-1	-1	0	-1	0
rs2367724	15	1	1	43641757	18091	8392	1	1	0
rs2869966	2	0	4	88947927	-1	-1	114	2	0
rs2204015	16	1	10	61343016	316596	63627	0	-1	0
rs4820885	2	0	22	30616769	-1	-1	2	-1	0
rs13380637	15	1	16	32469603	9241	5448	0	-2	0
rs57128498	15	1	8	38710697	5842	17489	0	-1	0
rs6511720	2	0	19	11091630	-1	-1	2	1	0
rs915057	2	0	14	64219489	-1	-1	1	1	0
rs12144049	16	1	1	152468434	22978	42369	0	-1	0
rs72836561	3	0	17	43848758	-1	-1	0	-1	0
rs1182395	2	0	7	157240230	-1	-1	0	-1	0
rs12203592	2	0	6	396321	-1	-1	1	0	0
rs199834894	2	0	5	132230266	-1	-1	0	-2	0
rs2368831	2	0	12	79119	-1	-1	0	-2	0
rs11760485	16	1	7	4361919	92919	150040	2	2	0
rs73228360	15	1	7	96736111	26220	122071	69	-1	0
rs10198628	16	1	2	12824371	81637	142413	1	1	0
rs3787184	2	0	20	51541298	-1	-1	1	1	0
rs12243859	2	0	10	18451703	-1	-1	12	0	0
rs6975024	2	0	7	44192287	-1	-1	1	2	0
rs1260326	3	0	2	27508073	-1	-1	1	0	0
rs139161960	15	1	5	29538059	21555	62617	0	-1	0
rs569207	2	0	15	78580777	-1	-1	2	0	0
rs159963	2	0	1	8444361	-1	-1	1	1	0
rs780096	2	0	2	27518205	-1	-1	1	0	0
rs112111458	15	1	2	70872975	37159	14896	2	0	0
rs77810251	15	1	7	121864095	18964	8994	0	-1	0
rs57091121	2	0	4	95522902	-1	-1	2	-1	0
rs17127713	2	0	14	54656200	-1	-1	17	1	0
rs10490175	2	0	2	50855616	-1	-1	2	-1	0
rs34312547	2	0	19	51628768	-1	-1	2	0	0
rs7078439	15	1	10	126731415	60969	48287	0	0	0
rs6472827	2	0	8	74207107	-1	-1	12	0	0
rs147582129	2	0	11	92422052	-1	-1	2	-1	0
rs116924815	15	1	19	50727476	1758	30906	2	0	0
rs2249825	11	0	13	30463766	-1	-1	0	-1	0
rs139571703	3	0	22	23573433	-1	-1	2	0	0
rs1563788	2	0	6	43340625	-1	-1	1	0	0
rs113604586	3	0	17	4639054	-1	-1	6	0	0
rs6127099	15	1	20	54114863	44269	38586	1	0	0
rs137858393	2	0	1	95989421	-1	-1	0	-1	0
rs55796939	2	0	11	130414146	-1	-1	2	0	0
rs4919044	2	0	10	93012138	-1	-1	12	2	0
rs1801133	3	0	1	11796321	-1	-1	52	0	0
rs2942168	9	0	17	45637484	-1	-1	2	2	0
rs2522056	2	0	5	132466034	-1	-1	1	2	0
rs9611417	2	0	22	40806223	-1	-1	12	2	0
rs3120852	2	0	13	55149941	-1	-1	0	-2	0
rs2953796	16	1	3	130015125	1584	6428	0	-1	0
rs4146322	2	0	4	80647490	-1	-1	0	0	0
rs1369639	2	0	15	47652585	-1	-1	2	-1	0
rs7078439	15	1	10	126731415	60969	48287	0	0	0
rs4803297	16	1	19	39819444	5889	5906	1	-1	0
rs62482253	11	0	7	100677821	-1	-1	12	1	0
rs11015781	15	1	10	18705654	24015	30091	0	-1	0
rs2860049	2	0	15	47223198	-1	-1	0	-2	0
rs11673093	10	0	19	45238836	-1	-1	0	-1	0
rs9867130	15	1	3	186011964	31092	34350	0	-1	0
rs1822534	15	1	3	12225304	33272	32497	0	-2	0
rs10740617	15	1	10	50267849	1034	37737	2	0	0
rs10455979	2	0	6	166581772	-1	-1	1	2	0
rs187368135	2	0	2	231768050	-1	-1	0	-1	0
rs1801689	3	0	17	66214462	-1	-1	2	0	0
rs4646947	13	0	6	34878500	-1	-1	0	-1	0
rs9989419	16	1	16	56951227	6364	10623	12	2	0
rs2145272	15	1	20	6645571	117112	85687	1	-1	0
rs1260326	3	0	2	27508073	-1	-1	1	0	0
rs1903068	15	1	4	55142310	16715	73314	1	0	0
rs221780	16	1	7	100699412	5375	6709	1	1	0
rs13081203	2	0	3	185604855	-1	-1	1	2	0
rs16908520	2	0	11	10900486	-1	-1	0	-1	0
rs1447514	2	0	11	22340750	-1	-1	0	-1	0
rs1414660	2	0	1	240423395	-1	-1	1	-1	0
rs6651252	2	0	8	128554935	-1	-1	0	-2	0
rs1036332	2	0	1	199043349	-1	-1	0	-1	0
rs36423	2	0	14	71886485	-1	-1	1	-1	0
rs9313772	2	0	5	158377449	-1	-1	1	-1	0
rs316009	2	0	6	160254732	-1	-1	2	0	0
rs2288278	2	0	17	48583930	-1	-1	1	2	0
rs4299376	2	0	2	43845437	-1	-1	2	3	0
rs4550384	15	1	14	84883798	143746	67476	2	-1	0
rs2229542	3	0	7	134450869	-1	-1	1	0	0
rs77905678	2	0	1	8203048	-1	-1	12	0	0
rs1468520	15	1	7	7251101	2450	4053	2	2	0
rs55720021	2	0	19	48640984	-1	-1	0	-1	0
rs1111875	15	1	10	92703125	7478	7374	1	0	0
rs561241	7	1	13	113105720	5978	68	2	-1	0
rs6111609	15	1	20	17683901	1606	9771	12	1	0
rs66481224	15	1	13	64766289	690245	191808	0	-2	0
rs149906873	2	0	15	28088564	-1	-1	2	-1	0
rs339099	2	0	7	128756291	-1	-1	0	-1	0
rs2575876	2	0	9	104903458	-1	-1	2	2	0
rs62107261	9	0	2	422144	-1	-1	0	-2	0
rs10483776	2	0	14	65448149	-1	-1	2	2	0
rs117752187	2	0	11	122490175	-1	-1	0	-1	0
rs12030690	15	1	1	37792335	9450	1467	0	-2	0
rs56339712	2	0	9	89410842	-1	-1	2	2	0
rs261902	2	0	12	32323793	-1	-1	0	2	0
rs7733410	2	0	5	148476959	-1	-1	2	0	0
rs7969559	2	0	12	69261387	-1	-1	0	-1	0
rs11041426	2	0	11	7522288	-1	-1	14	2	0
rs764213	2	0	20	10904797	-1	-1	0	-1	0
rs1558744	2	0	12	68110812	-1	-1	1	0	0
rs997363	2	0	2	227644742	-1	-1	0	-2	0
rs1878918	2	0	8	32476054	-1	-1	1	0	0
rs12283755	2	0	11	68604190	-1	-1	0	-2	0
rs7026834	2	0	9	101129097	-1	-1	0	-1	0
rs11639044	2	0	15	78791472	-1	-1	2	-1	0
rs1801212	3	0	4	6300792	-1	-1	2	2	0
rs7667	2	0	1	19392330	-1	-1	160	2	0
rs6803848	16	1	3	112138722	3363	2176	2	-1	0
rs10747570	2	0	12	50116154	-1	-1	0	-1	0
rs6031435	2	0	20	44168718	-1	-1	12	1	0
rs10016110	15	1	4	45966544	486408	28575	0	-2	0
rs533414974	15	1	6	169192178	9438	21076	0	-2	0
rs1598856	2	0	4	102524958	-1	-1	1	2	0
rs2505447	2	0	10	25728984	-1	-1	0	-1	0
rs8044477	2	0	16	58942687	-1	-1	0	-2	0
rs11881865	16	1	19	12988179	13417	7429	0	-1	0
rs77697917	15	1	17	43763481	4690	2644	2	0	0
rs1263173	15	1	11	116810292	17872	2912	2	-1	0
rs10764826	16	1	10	128888212	567998	24667	0	-2	0
rs116008367	2	0	2	111049969	-1	-1	149	-1	0
rs1445021	15	1	15	68443247	11084	135722	0	-2	0
rs10195252	2	0	2	164656581	-1	-1	11	1	0
rs2492863	2	0	6	34635869	-1	-1	0	3	0
rs187918276	2	0	4	73167847	-1	-1	1	2	0
rs7262634	16	1	20	47205635	16791	3579	1	2	0
rs2230199	3	0	19	6718376	-1	-1	2	0	0
rs1356100	2	0	3	21846985	-1	-1	0	-2	0
rs433598	2	0	16	20668884	-1	-1	5	-1	0
rs113851554	2	0	2	66523432	-1	-1	1	0	0
rs115182912	2	0	3	126274431	-1	-1	0	-1	0
rs77673991	2	0	2	43850184	-1	-1	2	3	0
rs7245565	2	0	19	16303176	-1	-1	0	-1	0
rs2103655	16	1	20	38797315	24795	8382	1	-1	0
rs6834183	2	0	4	144349803	-1	-1	0	-2	0
rs10487505	16	1	7	128220110	12167	21168	2	0	0
rs3742021	2	0	12	109445312	-1	-1	1	3	0
rs1260326	3	0	2	27508073	-1	-1	1	0	0
rs4739134	15	1	8	78643913	34208	22176	1	3	0
rs281868	2	0	6	118252898	-1	-1	12	0	0
rs4558156	15	1	11	42751206	497494	188569	0	-1	0
rs7453920	2	0	6	32762235	-1	-1	0	-1	0
rs117204589	7	1	8	118905403	47185	18154	0	-1	0
rs55715427	11	0	22	42062823	-1	-1	0	-1	0
rs2045323	15	1	4	153910747	121664	231375	2	-1	0
rs55927656	2	0	1	71926952	-1	-1	0	-2	0
rs6004262	2	0	22	24759176	-1	-1	150	-1	0
rs1395241	2	0	4	125438301	-1	-1	2	2	0
rs514230	15	1	1	234722850	2630	1192	1	3	0
rs9399137	2	0	6	135097880	-1	-1	2	2	0
rs2763981	2	0	6	31872244	-1	-1	2	2	0
rs11756438	2	0	6	118672469	-1	-1	0	2	0
rs2112743	2	0	5	145356682	-1	-1	0	-2	0
rs35702851	2	0	11	841284	-1	-1	1	-1	0
rs374409015	1	0	7	102471478	-1	-1	0	-1	0
rs617219	2	0	5	79133771	-1	-1	5	0	0
rs33449	15	1	3	42359309	16942	37774	0	-1	0
rs13133213	2	0	4	15645171	-1	-1	0	-2	0
rs2836422	2	0	21	38466112	-1	-1	1	2	0
rs58190593	2	0	19	19153129	-1	-1	1	0	0
rs2078383	15	1	6	118385480	67804	66989	12	0	0
rs12375949	2	0	9	121855621	-1	-1	0	-2	0
rs1832007	2	0	10	5212884	-1	-1	125	0	0
rs112233623	2	0	6	41957260	-1	-1	1	0	0
rs1943199	15	1	18	75750899	38514	94026	12	0	0
rs188006861	2	0	4	7849116	-1	-1	11	2	0
rs76856627	9	0	19	45040497	-1	-1	1	2	0
rs115794601	15	1	5	155134651	22327	262640	0	-1	0
rs7597877	15	1	2	184040528	91416	8939	0	-2	0
rs11084877	15	1	19	28230983	105553	63110	0	-1	0
rs7191269	15	1	16	51751007	79444	11512	0	-1	0
rs61372148	2	0	10	63763347	-1	-1	0	-2	0
rs4711750	15	1	6	43789345	2858	13848	1	2	0
rs34813609	2	0	1	196699231	-1	-1	2	0	0
rs7254892	2	0	19	44886339	-1	-1	0	-1	0
rs148043289	2	0	2	156170703	-1	-1	0	-1	0
rs57654001	2	0	4	17865243	-1	-1	1	2	0
rs9390459	10	0	6	147359223	-1	-1	12	2	0
rs10896794	2	0	11	58571651	-1	-1	14	0	0
rs12755933	15	1	1	22245692	88291	20547	2	-1	0
rs62264129	2	0	3	112352566	-1	-1	2	3	0
rs6763048	2	0	3	38639903	-1	-1	2	-1	0
rs1159798	2	0	10	52652733	-1	-1	0	-1	0
rs7939345	15	1	11	47959016	53409	21542	1	2	0
rs7003794	2	0	8	70876911	-1	-1	12	2	0
rs12458093	15	1	18	51152780	67735	5502	0	-2	0
rs7654093	15	1	4	154623920	10953	3025	2	0	0
rs995398	15	1	5	57344714	24694	50346	0	-1	0
rs4808540	2	0	19	16958413	-1	-1	0	-1	0
rs2460448	2	0	16	89634473	-1	-1	0	-1	0
rs12744310	15	1	1	41307830	22969	54092	0	-1	0
rs10798888	2	0	1	31733498	-1	-1	0	-2	0
rs6955423	2	0	7	56031659	-1	-1	5	2	0
rs11652616	2	0	17	50901007	-1	-1	0	-1	0
rs1906223	2	0	8	126921448	-1	-1	0	-1	0
rs12325410	2	0	16	9581389	-1	-1	0	-2	0
rs10848704	2	0	12	2773378	-1	-1	0	-1	0
rs16998572	15	1	20	53935345	59788	1432	0	0	0
rs4632248	2	0	19	53821741	-1	-1	1	1	0
rs1326128	2	0	13	50311274	-1	-1	0	-1	0
rs2284063	9	0	22	38148291	-1	-1	12	2	0
rs117489126	9	0	1	1625671	-1	-1	6	0	0
rs13408379	15	1	2	129715649	218861	109477	0	-2	0
rs6015450	2	0	20	59176062	-1	-1	0	-1	0
rs7513428	2	0	1	167546035	-1	-1	2	-1	0
rs3786897	2	0	19	33402102	-1	-1	6	0	0
rs4868731	15	1	5	164100197	212370	18901	1	1	0
rs185882981	2	0	6	160590288	-1	-1	2	0	0
rs2274465	2	0	1	43655886	-1	-1	0	-1	0
rs7406910	3	0	17	48610894	-1	-1	1	2	0
rs2245008	2	0	16	83950150	-1	-1	0	-1	0
rs1798192	3	0	12	122716221	-1	-1	2	1	0
rs72827873	15	1	17	48438422	8147	21948	0	-1	0
rs13395911	2	0	2	232655544	-1	-1	6	3	0
rs73198271	2	0	8	8749297	-1	-1	12	-1	0
rs8042543	2	0	15	31416060	-1	-1	1	-1	0
rs34216058	2	0	4	146890293	-1	-1	0	-2	0
rs72915971	15	1	11	57158067	101935	23680	0	-1	0
rs646776	16	1	1	109275908	158	3648	2	-1	0
rs6712094	2	0	2	164186950	-1	-1	1	2	0
rs10085978	16	1	8	142152316	60697	24023	0	-2	0
rs1615504	13	0	18	69859408	-1	-1	2	0	0
rs10197140	2	0	2	110852366	-1	-1	149	-1	0
rs5756825	16	1	22	37803943	27387	1150	0	-1	0
rs8133949	2	0	21	42001005	-1	-1	0	-1	0
rs2955083	2	0	3	128242335	-1	-1	1	1	0
rs36018387	2	0	6	35419095	-1	-1	1	3	0
rs12804787	2	0	11	133941177	-1	-1	0	-1	0
rs117983287	3	0	9	77405958	-1	-1	153	2	0
rs11823264	2	0	11	120423295	-1	-1	0	-1	0
rs2272205	2	0	2	227051208	-1	-1	2	-1	0
rs62018159	2	0	15	40105220	-1	-1	0	-1	0
rs12913243	9	0	15	73731433	-1	-1	0	1	0
rs1344653	15	1	2	19531084	10989	180631	1	-1	0
rs55703462	2	0	15	63103229	-1	-1	161	2	0
rs7099822	2	0	10	132296382	-1	-1	5	2	0
rs3026401	13	0	11	31785976	-1	-1	1	0	0
rs8117834	2	0	20	8109993	-1	-1	1	0	0
rs140177540	2	1	6	32601677	11829	26502	2	0	0
rs183511413	2	0	3	133330418	-1	-1	2	0	0
rs654600	15	1	11	102858443	14834	4293	0	-2	0
rs143812851	2	0	16	61739945	-1	-1	0	-2	0
rs13429103	15	1	2	7377100	52038	44161	5	1	0
rs2503775	2	0	6	98073724	-1	-1	1	1	0
rs11729931	15	1	4	74007918	9241	3660	2	0	0
rs2811400	2	0	3	128269024	-1	-1	1	1	0
rs6771541	16	1	3	27485025	605	1222	2	0	0
rs78150433	15	1	12	48985340	3664	9809	0	-1	0
rs8009025	2	0	14	98164834	-1	-1	0	-2	0
rs807897	15	1	6	164184681	74987	161808	0	-1	0
rs72743158	2	0	15	78634103	-1	-1	2	-1	0
rs192686928	2	0	7	36586798	-1	-1	2	2	0
rs181743661	2	0	4	127647811	-1	-1	9	2	0
rs7925256	2	0	11	117174619	-1	-1	0	-1	0
rs34526934	2	0	2	176143077	-1	-1	1	-1	0
rs4841132	9	0	8	9326086	-1	-1	0	-1	0
rs72784146	2	0	10	19872044	-1	-1	0	-1	0
rs61830526	16	0	10	3458617	191602	-1	0	-1	0
rs56076449	16	1	5	133106498	49	4557	5	2	0
rs3817428	3	0	15	88872016	-1	-1	2	0	0
rs2780226	16	1	6	34231315	11249	5558	2	0	0
rs1630858	15	1	9	101910258	116502	144994	0	-2	0
rs6924023	2	0	6	169675945	-1	-1	0	-2	0
rs2066905	2	0	6	16131066	-1	-1	6	-1	0
rs1386622	2	0	4	38370434	-1	-1	0	-1	0
rs4841132	9	0	8	9326086	-1	-1	33	2	0
rs10760593	2	0	9	129191319	-1	-1	0	-1	0
rs568868093	2	0	4	7043344	-1	-1	1	2	0
rs9974653	15	1	21	39369920	20273	3843	0	-1	0
rs76428106	2	0	13	28029870	-1	-1	1	-1	0
rs12445022	15	1	16	87541726	26091	58800	6	-1	0
rs11249608	15	1	5	178999318	503	24434	2	0	0
rs967497	2	0	9	129181564	-1	-1	0	-1	0
rs368331	2	0	7	21703356	-1	-1	5	0	0
rs1021487	15	1	4	58590920	25798	189706	0	-1	0
rs34712979	11	0	4	105897896	-1	-1	2	0	0
rs7554511	2	0	1	200908434	-1	-1	0	-1	0
rs1963569	2	0	4	168417369	-1	-1	5	2	0
rs2066844	3	0	16	50712015	-1	-1	1	-1	0
rs3846663	2	0	5	75359901	-1	-1	1	2	0
rs256811	15	1	5	82964202	23219	4686	0	-2	0
rs2089401	15	1	16	67515750	10687	2112	0	-1	0
rs2164068	2	0	2	198079128	-1	-1	11	2	0
rs6066861	2	0	20	48806040	-1	-1	9	0	0
rs13013209	3	0	2	151643935	-1	-1	74	0	0
rs17005118	15	1	4	81367410	32992	58983	5	2	0
rs13300853	15	1	9	16901230	30387	16281	0	-2	0
rs6759004	2	0	2	201139953	-1	-1	68	3	0
rs1127787	3	0	12	27714794	-1	-1	161	2	0
rs1893380	15	1	18	51121270	36225	37012	1	2	0
rs77040936	2	0	8	13410062	-1	-1	0	-1	0
rs112879682	9	0	22	18124871	-1	-1	5	3	0
rs4006531	2	0	8	125855261	-1	-1	0	-1	0
rs746011	9	0	8	22600291	-1	-1	0	1	0
rs4896038	2	0	6	134288153	-1	-1	0	-1	0
rs10053012	2	0	5	172095271	-1	-1	5	0	0
rs116822326	2	0	6	31466334	-1	-1	0	-1	0
rs9787810	11	0	11	64317826	-1	-1	0	-1	0
rs1329767	2	0	9	71183455	-1	-1	0	-1	0
rs974471	2	0	14	29216122	-1	-1	0	-1	0
rs10901252	9	0	9	133252613	-1	-1	2	-1	0
rs12555345	15	1	9	27630564	19819	198712	0	-1	0
rs6537298	2	0	4	144585719	-1	-1	0	-2	0
rs8192917	3	0	14	24632954	-1	-1	1	0	0
rs62312418	15	1	4	73835795	57735	845	2	-1	0
rs1392953	2	0	16	13032909	-1	-1	0	-2	0
rs2596465	2	0	6	31445171	-1	-1	2	-1	0
rs62149377	2	0	2	60759441	-1	-1	1	1	0
rs8705	13	0	11	128459018	-1	-1	1	0	0
rs10842707	2	0	12	26318431	-1	-1	12	3	0
rs157580	2	0	19	44892009	-1	-1	1	0	0
rs117241091	15	1	6	94536736	89557	967446	0	-1	0
