SNP	CONTEXT	INTERGENIC	CHR_ID	CHR_POS	UP_DIST	DOWN_DIST	GO FUNCTION	HEART_EXPRESSION_LEVEL	IS_RISK_FACTOR
rs1826063	1	0.0	4.0	26587448.0	-1.0	-1.0	0	0	1
rs2236295	10	0.0	10.0	62805132.0	-1.0	-1.0	0	2	1
rs10832571	1	0.0	11.0	16239678.0	-1.0	-1.0	0	-1	1
rs1845034	6	1.0	6.0	50335316.0	154309.0	178719.0	0	-1	1
rs983521	1	0.0	7.0	122434362.0	-1.0	-1.0	0	0	1
rs10849891	1	0.0	12.0	121473799.0	-1.0	-1.0	0	-1	1
rs7129204	1	0.0	11.0	122656504.0	-1.0	-1.0	0	2	1
rs140570886	1	0.0	6.0	160591981.0	-1.0	-1.0	0	-1	1
rs6536076	6	1.0	4.0	155499453.0	35630.0	16274.0	0	-1	1
rs4948550	10	0.0	10.0	58828793.0	-1.0	-1.0	0	-1	1
rs13179413	1	0.0	5.0	56572270.0	-1.0	-1.0	0	2	1
rs4682671	6	1.0	3.0	134274473.0	23729.0	39103.0	0	-1	1
rs963837	6	1.0	11.0	30727543.0	97035.0	102826.0	0	-1	1
rs2301597	1	0.0	17.0	45095905.0	-1.0	-1.0	0	0	1
rs1186699	1	0.0	2.0	61435420.0	-1.0	-1.0	0	2	1
rs1436138	1	0.0	17.0	77320798.0	-1.0	-1.0	0	-1	1
rs3752105	10	0.0	13.0	114281830.0	-1.0	-1.0	0	-1	1
rs117913411	1	0.0	12.0	47860570.0	-1.0	-1.0	0	0	1
rs313021	7	0.0	18.0	1883793.0	-1.0	-1.0	0	0	1
rs4350231	1	0.0	1.0	62456989.0	-1.0	-1.0	0	-1	1
rs1507151	6	1.0	6.0	78773529.0	167493.0	36186.0	0	0	1
rs9291634	1	0.0	4.0	15019561.0	-1.0	-1.0	0	2	1
rs1912483	1	0.0	17.0	47366128.0	-1.0	-1.0	0	0	1
rs35429	6	1.0	12.0	115118062.0	37909.0	145108.0	0	-1	1
rs11229555	1	0.0	11.0	58641214.0	-1.0	-1.0	0	1	1
rs7841408	6	1.0	8.0	128400582.0	11946.0	4687.0	0	-1	1
rs139491786	10	0.0	16.0	2036420.0	-1.0	-1.0	0	-1	1
rs1074703	1	0.0	8.0	101803258.0	-1.0	-1.0	0	3	1
rs10824134	1	0.0	10.0	74261866.0	-1.0	-1.0	0	-1	1
rs189349094	1	0.0	19.0	49642643.0	-1.0	-1.0	0	1	1
rs7246865	1	0.0	19.0	17108295.0	-1.0	-1.0	0	-1	1
rs3850946	1	0.0	11.0	65067943.0	-1.0	-1.0	0	-1	1
rs13190036	7	0.0	5.0	177310719.0	-1.0	-1.0	0	0	1
rs271695	1	0.0	5.0	64440647.0	-1.0	-1.0	0	0	1
rs13210511	1	0.0	6.0	126834566.0	-1.0	-1.0	0	-1	1
rs7698623	1	0.0	4.0	87834676.0	-1.0	-1.0	0	-1	1
rs11556924	10	0.0	7.0	130023656.0	-1.0	-1.0	0	-1	1
rs4704825	1	0.0	5.0	156955297.0	-1.0	-1.0	0	0	1
rs1883711	4	1.0	20.0	40551182.0	424825.0	134666.0	0	0	1
rs2569882	4	1.0	6.0	1619912.0	6015.0	3894.0	0	1	1
rs68085814	6	1.0	17.0	49058513.0	2368.0	26998.0	0	1	1
rs2294214	2	0.0	6.0	22056694.0	-1.0	-1.0	0	0	1
rs6781726	1	0.0	3.0	11467491.0	-1.0	-1.0	0	-1	1
rs7134677	1	0.0	12.0	54047714.0	-1.0	-1.0	0	3	1
rs612652	1	0.0	11.0	1865986.0	-1.0	-1.0	0	-1	1
rs7794284	1	0.0	7.0	74683722.0	-1.0	-1.0	0	-1	1
rs7721613	4	1.0	5.0	68403865.0	28573.0	26562.0	0	0	1
rs516246	1	0.0	19.0	48702915.0	-1.0	-1.0	0	1	1
rs13125101	4	1.0	4.0	80253438.0	49109.0	13161.0	0	-1	1
rs62052820	4	1.0	16.0	69541335.0	75069.0	23759.0	0	-1	1
rs747780	1	0.0	15.0	41878308.0	-1.0	-1.0	0	-1	1
rs72681869	10	0.0	14.0	50188639.0	-1.0	-1.0	0	0	1
rs1962094	1	0.0	10.0	27963710.0	-1.0	-1.0	0	-1	1
rs3184504	10	0.0	12.0	111446804.0	-1.0	-1.0	0	0	1
rs35521277	1	0.0	11.0	43786724.0	-1.0	-1.0	0	-1	1
rs10224210	1	0.0	7.0	151716108.0	-1.0	-1.0	0	-1	1
rs2011567	1	0.0	8.0	94959692.0	-1.0	-1.0	0	2	1
rs7681002	1	0.0	4.0	102974066.0	-1.0	-1.0	0	-1	1
rs74661587	1	0.0	5.0	123121430.0	-1.0	-1.0	0	-1	1
rs11072508	4	1.0	15.0	74770056.0	13449.0	12001.0	0	0	1
rs76895963	1	0.0	12.0	4275678.0	-1.0	-1.0	0	1	1
rs12930850	1	0.0	16.0	81568607.0	-1.0	-1.0	0	-1	1
rs315145	6	1.0	12.0	69400306.0	9436.0	597.0	0	-1	1
rs72656645	1	0.0	12.0	12728121.0	-1.0	-1.0	0	-1	1
rs11770148	1	0.0	7.0	1859811.0	-1.0	-1.0	0	-1	1
rs1030431	6	1.0	8.0	58399138.0	127019.0	12221.0	0	3	1
rs2460448	1	0.0	16.0	89634473.0	-1.0	-1.0	0	3	1
rs12731208	1	0.0	1.0	6616425.0	-1.0	-1.0	0	3	1
rs1229984	10	0.0	4.0	99318162.0	-1.0	-1.0	0	3	1
rs1239948	1	0.0	13.0	50532386.0	-1.0	-1.0	0	2	1
rs9368222	1	0.0	6.0	20686765.0	-1.0	-1.0	0	0	1
rs35895091	1	0.0	4.0	82913620.0	-1.0	-1.0	0	-1	1
rs167479	10	0.0	19.0	11416089.0	-1.0	-1.0	0	1	1
rs4865796	1	0.0	5.0	53976834.0	-1.0	-1.0	0	2	1
rs6819003	6	1.0	4.0	38357696.0	70205.0	9218.0	0	0	1
rs9972727	6	1.0	16.0	31137821.0	2094.0	1104.0	0	-1	1
rs1801253	10	0.0	10.0	114045297.0	-1.0	-1.0	0	-1	1
rs13358657	1	0.0	5.0	158511062.0	-1.0	-1.0	0	-1	1
rs6679817	4	1.0	1.0	88897581.0	5637.0	25789.0	0	-1	1
rs2472610	1	0.0	18.0	23558901.0	-1.0	-1.0	0	-1	1
rs893929	6	1.0	4.0	143266227.0	42397.0	20066.0	0	-1	1
rs112684153	6	1.0	13.0	41275595.0	12018.0	12146.0	0	-1	1
rs10821967	6	1.0	10.0	62182180.0	85236.0	855.0	0	0	1
rs11231711	1	0.0	11.0	64161743.0	-1.0	-1.0	0	-1	1
rs10769254	1	0.0	11.0	47340914.0	-1.0	-1.0	0	-1	1
rs221907	6	1.0	14.0	71129630.0	14248.0	11495.0	0	-1	1
rs71636784	1	0.0	1.0	26842709.0	-1.0	-1.0	0	1	1
rs6031431	1	0.0	20.0	44166512.0	-1.0	-1.0	0	2	1
rs11048457	1	0.0	12.0	26310241.0	-1.0	-1.0	0	-1	1
rs4975709	6	1.0	5.0	1877166.0	17276.0	247.0	0	0	1
rs10850407	6	1.0	12.0	114940232.0	10297.0	137093.0	0	-1	1
rs76038906	1	0.0	9.0	110487920.0	-1.0	-1.0	0	-1	1
rs4911250	6	1.0	20.0	32629151.0	20258.0	2501.0	0	-1	1
rs35134	1	0.0	5.0	96823820.0	-1.0	-1.0	0	2	1
rs11781816	1	0.0	8.0	142916379.0	-1.0	-1.0	0	2	1
rs10816914	1	0.0	9.0	109998608.0	-1.0	-1.0	0	-1	1
rs13127398	1	0.0	4.0	102000547.0	-1.0	-1.0	0	-1	1
rs3803266	1	0.0	13.0	29580212.0	-1.0	-1.0	0	0	1
rs117539635	1	0.0	15.0	69390577.0	-1.0	-1.0	0	-1	1
rs7719499	1	0.0	5.0	132478399.0	-1.0	-1.0	0	-1	1
rs78058190	6	1.0	2.0	218835276.0	3190.0	6323.0	0	1	1
rs28412876	1	0.0	17.0	49377153.0	-1.0	-1.0	0	-1	1
rs2478981	6	1.0	20.0	63852557.0	8642.0	8655.0	0	0	1
rs35479618	10	0.0	1.0	153689947.0	-1.0	-1.0	0	0	1
rs4277405	6	1.0	17.0	63471557.0	15740.0	47.0	0	2	1
rs12627514	6	1.0	21.0	43339560.0	7521.0	18587.0	0	2	1
rs9506725	6	1.0	13.0	21740007.0	35509.0	50530.0	0	0	1
rs6445597	1	0.0	3.0	53700504.0	-1.0	-1.0	0	3	1
rs11591147	10	0.0	1.0	55039974.0	-1.0	-1.0	0	0	1
rs675605	1	0.0	13.0	110221209.0	-1.0	-1.0	0	1	1
rs12972366	1	0.0	19.0	4920402.0	-1.0	-1.0	0	0	1
rs10740995	1	0.0	10.0	18156159.0	-1.0	-1.0	0	1	1
rs74179972	1	0.0	19.0	11186154.0	-1.0	-1.0	0	-1	1
rs13021222	1	0.0	2.0	164191395.0	-1.0	-1.0	0	2	1
rs6684311	6	1.0	1.0	166516654.0	26615.0	49524.0	0	-1	1
rs142076278	6	1.0	16.0	51794418.0	21245.0	211069.0	0	-1	1
rs3790604	1	0.0	1.0	112504257.0	-1.0	-1.0	0	-1	1
rs2943652	6	1.0	2.0	226243730.0	58359.0	414980.0	0	-1	1
rs782520	4	1.0	7.0	134509749.0	50465.0	17818.0	0	3	1
rs10882397	1	0.0	10.0	94132902.0	-1.0	-1.0	0	0	1
rs557675	6	1.0	11.0	65799248.0	2029.0	23774.0	0	-1	1
rs76452347	10	0.0	9.0	35906474.0	-1.0	-1.0	0	-1	1
rs7736264	1	0.0	5.0	114549599.0	-1.0	-1.0	0	2	1
rs28711771	6	1.0	1.0	16093094.0	19443.0	31243.0	0	0	1
rs11709060	1	0.0	3.0	128075405.0	-1.0	-1.0	0	1	1
rs2613498	6	1.0	1.0	72287256.0	4717.0	14216.0	0	3	1
rs2513993	1	0.0	11.0	103082247.0	-1.0	-1.0	0	0	1
rs2643826	4	1.0	3.0	27521497.0	7465.0	3856.0	0	2	1
rs72801474	4	1.0	5.0	133108436.0	1987.0	2619.0	0	3	1
rs964184	9	0.0	11.0	116778201.0	-1.0	-1.0	0	0	1
rs6731302	1	0.0	2.0	58606358.0	-1.0	-1.0	0	-1	1
rs72831343	1	0.0	10.0	61755923.0	-1.0	-1.0	0	-1	1
rs36037977	4	1.0	20.0	4445885.0	14212.0	29753.0	0	-1	1
rs780093	1	0.0	2.0	27519736.0	-1.0	-1.0	0	2	1
rs943346	1	0.0	10.0	95494548.0	-1.0	-1.0	0	2	1
rs11601694	1	0.0	11.0	47593023.0	-1.0	-1.0	0	2	1
rs13265769	1	0.0	8.0	81912028.0	-1.0	-1.0	0	0	1
rs67906804	9	0.0	9.0	19376260.0	-1.0	-1.0	0	2	1
rs61194703	6	1.0	19.0	11081517.0	2091.0	7845.0	0	2	1
rs11647570	1	0.0	16.0	4087261.0	-1.0	-1.0	0	2	1
rs1048070	9	0.0	9.0	14735055.0	-1.0	-1.0	0	3	1
rs73073694	6	1.0	12.0	20207394.0	77581.0	154338.0	0	3	1
rs7763350	6	1.0	6.0	43381570.0	11923.0	45796.0	0	1	1
rs2255531	1	0.0	12.0	120977112.0	-1.0	-1.0	0	0	1
rs10748798	1	0.0	10.0	100794914.0	-1.0	-1.0	0	-1	1
rs499818	4	1.0	6.0	13332235.0	3652.0	25595.0	0	1	1
rs2114820	6	1.0	10.0	86412952.0	46157.0	22304.0	0	-1	1
rs1044486	9	0.0	17.0	78796097.0	-1.0	-1.0	0	1	1
rs4818833	1	0.0	21.0	43569666.0	-1.0	-1.0	0	-1	1
rs6039216	1	0.0	20.0	8641833.0	-1.0	-1.0	0	-1	1
rs12928131	7	0.0	16.0	292771.0	-1.0	-1.0	0	2	1
rs3821843	1	0.0	3.0	53523985.0	-1.0	-1.0	0	-1	1
rs11605518	6	1.0	11.0	13248667.0	96319.0	27985.0	0	0	1
rs1894400	1	0.0	15.0	90885725.0	-1.0	-1.0	0	1	1
rs115262049	4	1.0	2.0	42969554.0	141937.0	31801.0	0	0	1
rs7099692	1	0.0	10.0	44896515.0	-1.0	-1.0	0	-1	1
rs2421648	1	0.0	3.0	169411863.0	-1.0	-1.0	0	2	1
rs67330701	1	0.0	11.0	69312240.0	-1.0	-1.0	0	-1	1
rs75943566	1	0.0	3.0	160548029.0	-1.0	-1.0	0	2	1
rs78299715	6	1.0	8.0	20048393.0	81134.0	30721.0	0	-1	1
rs10042590	1	0.0	5.0	88477501.0	-1.0	-1.0	0	0	1
rs34681481	6	1.0	5.0	3704137.0	102734.0	308571.0	0	-1	1
rs943580	6	1.0	1.0	230701298.0	7316.0	1225.0	0	2	1
rs1887320	1	0.0	20.0	10985350.0	-1.0	-1.0	0	0	1
rs6770911	1	0.0	3.0	169577976.0	-1.0	-1.0	0	-1	1
rs1406961	1	0.0	20.0	63264568.0	-1.0	-1.0	0	2	1
rs73563812	1	0.0	8.0	26042889.0	-1.0	-1.0	0	-1	1
rs150532297	6	1.0	5.0	158169198.0	90434.0	4403.0	0	2	1
rs16835282	1	0.0	1.0	193326609.0	-1.0	-1.0	0	-1	1
rs3937593	6	1.0	2.0	85983150.0	77951.0	37066.0	0	-1	1
rs113230003	1	0.0	19.0	18350146.0	-1.0	-1.0	0	0	1
rs2969037	6	1.0	7.0	2494758.0	17864.0	17771.0	0	2	1
rs2859814	6	1.0	5.0	32672675.0	20699.0	16395.0	0	2	1
rs2290769	1	0.0	17.0	75830325.0	-1.0	-1.0	0	1	1
rs880315	1	0.0	1.0	10736809.0	-1.0	-1.0	0	2	1
rs3764769	1	0.0	2.0	43505819.0	-1.0	-1.0	0	-1	1
rs127430	1	0.0	20.0	58589799.0	-1.0	-1.0	0	-1	1
rs2962383	6	1.0	5.0	158067851.0	77861.0	10248.0	0	-1	1
rs1009358	1	0.0	2.0	65049318.0	-1.0	-1.0	0	-1	1
rs687914	5	0.0	2.0	45651621.0	-1.0	-1.0	0	-1	1
rs4775373	1	0.0	15.0	61184737.0	-1.0	-1.0	0	2	1
rs1581717	1	0.0	6.0	51969222.0	-1.0	-1.0	0	0	1
rs6686889	6	1.0	1.0	24703979.0	30698.0	915.0	0	-1	1
rs1155311	1	0.0	11.0	83778372.0	-1.0	-1.0	0	1	1
rs55873205	1	0.0	2.0	158455064.0	-1.0	-1.0	0	0	1
rs10942863	1	0.0	5.0	78550731.0	-1.0	-1.0	0	3	1
rs4299376	1	0.0	2.0	43845437.0	-1.0	-1.0	0	0	1
rs4077408	1	0.0	1.0	210587100.0	-1.0	-1.0	0	-1	1
rs1440371	1	0.0	15.0	66648746.0	-1.0	-1.0	0	0	1
rs59980837	1	0.0	1.0	115284645.0	-1.0	-1.0	0	-1	1
rs6800730	6	1.0	3.0	48132720.0	11505.0	24426.0	0	-1	1
rs2820290	1	0.0	1.0	201814554.0	-1.0	-1.0	0	1	1
rs9603502	6	1.0	13.0	31671676.0	187977.0	67850.0	0	-1	1
rs603424	1	0.0	10.0	100315722.0	-1.0	-1.0	0	-1	1
rs72810955	6	1.0	5.0	173870299.0	61260.0	18050.0	0	-1	1
rs12258967	1	0.0	10.0	18439030.0	-1.0	-1.0	0	3	1
rs3785837	7	0.0	17.0	61391581.0	-1.0	-1.0	0	0	1
rs9844972	4	1.0	3.0	150379848.0	92475.0	28487.0	0	2	1
rs2288276	1	0.0	17.0	48593060.0	-1.0	-1.0	0	-1	1
rs58713975	1	0.0	17.0	30573897.0	-1.0	-1.0	0	-1	1
rs7187250	1	0.0	16.0	53776634.0	-1.0	-1.0	0	-1	1
rs28601761	1	0.0	8.0	125487789.0	-1.0	-1.0	0	2	1
rs6670508	1	0.0	1.0	8587858.0	-1.0	-1.0	0	-1	1
rs13285624	1	0.0	9.0	37129499.0	-1.0	-1.0	0	0	1
rs8126001	5	0.0	20.0	64080106.0	-1.0	-1.0	0	2	1
rs2760061	6	1.0	1.0	228003374.0	23147.0	3624.0	0	0	1
rs58854324	1	0.0	4.0	17862391.0	-1.0	-1.0	0	0	1
rs35315125	7	0.0	3.0	184187521.0	-1.0	-1.0	0	-1	1
rs17122812	10	0.0	12.0	48203270.0	-1.0	-1.0	0	-1	1
rs9330353	6	1.0	4.0	137518476.0	69975.0	442.0	0	-1	1
rs113602013	4	1.0	18.0	60252477.0	54305.0	41674.0	0	0	1
rs36071027	1	0.0	5.0	159017266.0	-1.0	-1.0	0	1	1
rs9549328	1	0.0	13.0	112981842.0	-1.0	-1.0	0	-1	1
rs4804517	3	1.0	19.0	7341166.0	46752.0	7777.0	0	2	1
rs17608766	9	0.0	17.0	46935905.0	-1.0	-1.0	0	0	1
rs17725246	4	1.0	7.0	44542387.0	1072.0	23030.0	0	3	1
rs10107066	1	0.0	8.0	26542619.0	-1.0	-1.0	0	2	1
rs7267618	1	0.0	20.0	59131469.0	-1.0	-1.0	0	3	1
rs12324159	4	1.0	15.0	41170270.0	5896.0	12455.0	0	3	1
rs36174733	9	0.0	12.0	133204577.0	-1.0	-1.0	0	3	1
rs2131570	1	0.0	3.0	14865227.0	-1.0	-1.0	0	-1	1
rs6021247	1	0.0	20.0	51492442.0	-1.0	-1.0	0	2	1
rs6271	10	0.0	9.0	133657152.0	-1.0	-1.0	0	-1	1
rs1275988	6	1.0	2.0	26691496.0	12986.0	1194.0	0	1	1
rs607342	1	0.0	6.0	139509081.0	-1.0	-1.0	0	2	1
rs77924615	1	0.0	16.0	20381010.0	-1.0	-1.0	0	-1	1
rs7701003	1	0.0	5.0	158397473.0	-1.0	-1.0	0	2	1
rs7694531	9	0.0	4.0	95165950.0	-1.0	-1.0	0	0	1
rs72915163	4	1.0	18.0	51266459.0	48155.0	17274.0	0	0	1
rs12978472	1	0.0	19.0	7257979.0	-1.0	-1.0	0	-1	1
rs12363917	1	0.0	11.0	111793677.0	-1.0	-1.0	0	0	1
rs11771259	1	0.0	7.0	7237584.0	-1.0	-1.0	0	-1	1
rs1877312	1	0.0	18.0	44514546.0	-1.0	-1.0	0	-1	1
rs2872812	6	1.0	17.0	40602398.0	3813.0	22564.0	0	-1	1
rs415895	10	0.0	11.0	9748015.0	-1.0	-1.0	0	1	1
rs2246490	4	1.0	14.0	103517957.0	14126.0	1710.0	0	-1	1
rs11880800	1	0.0	19.0	18730347.0	-1.0	-1.0	0	2	1
rs2627308	1	0.0	15.0	80723086.0	-1.0	-1.0	0	2	1
rs3735533	7	0.0	7.0	27206274.0	-1.0	-1.0	0	3	1
rs6565564	1	0.0	17.0	81408117.0	-1.0	-1.0	0	-1	1
rs312053	6	1.0	2.0	21205177.0	6281.0	15998.0	0	0	1
rs11767188	1	0.0	7.0	27532326.0	-1.0	-1.0	0	1	1
rs62434109	1	0.0	6.0	150654176.0	-1.0	-1.0	0	-1	1
rs2493296	1	0.0	1.0	3410468.0	-1.0	-1.0	0	2	1
rs3918226	1	0.0	7.0	150993088.0	-1.0	-1.0	0	0	1
rs604723	1	0.0	11.0	100739815.0	-1.0	-1.0	0	2	1
rs17123349	9	0.0	12.0	48829758.0	-1.0	-1.0	0	-1	1
rs7121446	1	0.0	11.0	122083949.0	-1.0	-1.0	0	-1	1
rs13108218	1	0.0	4.0	3442204.0	-1.0	-1.0	0	0	1
rs7751419	4	1.0	6.0	39147637.0	32451.0	41334.0	0	0	1
rs67385572	6	1.0	2.0	28424836.0	7519.0	1109.0	0	-1	1
rs6683021	6	1.0	1.0	232394844.0	171699.0	3121.0	0	0	1
rs2681492	1	0.0	12.0	89619312.0	-1.0	-1.0	0	-1	1
rs12758407	7	0.0	1.0	42041342.0	-1.0	-1.0	0	-1	1
rs2977324	6	1.0	8.0	75804502.0	237659.0	461041.0	0	-1	1
rs7412	10	0.0	19.0	44908822.0	-1.0	-1.0	0	2	1
rs9291932	6	1.0	5.0	68747416.0	213886.0	85169.0	0	0	1
rs138922864	1	0.0	16.0	3527279.0	-1.0	-1.0	0	0	1
rs41284486	7	0.0	13.0	113920848.0	-1.0	-1.0	0	1	1
rs2744132	1	0.0	6.0	22392594.0	-1.0	-1.0	0	3	1
rs10911021	6	1.0	1.0	182112825.0	22713.0	14472.0	2	-1	1
rs34042070	1	0.0	16.0	72067626.0	-1.0	-1.0	0	-1	1
rs113898337	1	0.0	2.0	20567381.0	-1.0	-1.0	0	2	1
rs10059884	4	1.0	5.0	32832368.0	40644.0	55622.0	0	-1	1
rs10872673	1	0.0	6.0	151534458.0	-1.0	-1.0	0	1	1
rs10786156	1	0.0	10.0	94254865.0	-1.0	-1.0	0	-1	1
rs1367117	10	0.0	2.0	21041028.0	-1.0	-1.0	0	1	1
rs78307470	1	0.0	3.0	169139845.0	-1.0	-1.0	0	1	1
rs74439044	1	0.0	17.0	7877701.0	-1.0	-1.0	0	0	1
rs73033340	1	0.0	7.0	1156056.0	-1.0	-1.0	0	-1	1
rs448385	1	0.0	1.0	25068642.0	-1.0	-1.0	0	-1	1
rs3768939	1	0.0	2.0	236081413.0	-1.0	-1.0	0	0	1
rs56388530	1	0.0	4.0	105989801.0	-1.0	-1.0	0	1	1
rs11688682	6	1.0	2.0	120590036.0	31927.0	61237.0	0	-1	1
rs6974288	6	1.0	7.0	130739451.0	5275.0	50757.0	0	-1	1
rs2105092	1	0.0	6.0	133863834.0	-1.0	-1.0	0	-1	1
rs9321485	6	1.0	6.0	135126635.0	23579.0	54673.0	0	-1	1
rs3809060	1	0.0	11.0	32437261.0	-1.0	-1.0	0	-1	1
rs4754196	6	1.0	11.0	107226051.0	48521.0	86081.0	0	0	1
rs10409243	9	0.0	19.0	10222312.0	-1.0	-1.0	0	1	1
rs28656273	1	0.0	7.0	139767877.0	-1.0	-1.0	0	-1	1
rs17677603	1	0.0	5.0	128521800.0	-1.0	-1.0	0	2	1
rs7173826	10	0.0	15.0	67236036.0	-1.0	-1.0	0	2	1
rs11724647	1	0.0	4.0	155725188.0	-1.0	-1.0	0	-1	1
rs1149643	1	0.0	1.0	56163763.0	-1.0	-1.0	0	0	1
rs8102879	1	0.0	19.0	1832318.0	-1.0	-1.0	0	-1	1
rs740047	6	1.0	7.0	92600848.0	10454.0	4073.0	0	-1	1
rs2680707	1	0.0	17.0	58378280.0	-1.0	-1.0	0	-1	1
rs12916	9	0.0	5.0	75360714.0	-1.0	-1.0	0	3	1
rs2934849	1	0.0	6.0	165748847.0	-1.0	-1.0	0	0	1
rs75588192	6	1.0	12.0	132472014.0	9158.0	17537.0	0	0	1
rs1047964	9	0.0	11.0	117286177.0	-1.0	-1.0	0	-1	1
rs7685862	1	0.0	4.0	110467945.0	-1.0	-1.0	0	1	1
rs12280753	4	1.0	11.0	116742944.0	84692.0	5226.0	3	0	1
rs75523587	1	0.0	10.0	132600079.0	-1.0	-1.0	0	2	1
rs11191580	1	0.0	10.0	103146454.0	-1.0	-1.0	0	2	1
rs74966104	6	1.0	11.0	55100378.0	374562.0	161804.0	0	-1	1
rs696	9	0.0	14.0	35401887.0	-1.0	-1.0	0	1	1
rs10500326	1	0.0	16.0	4868325.0	-1.0	-1.0	0	-1	1
rs12740374	9	0.0	1.0	109274968.0	-1.0	-1.0	0	-1	1
rs2823139	6	1.0	21.0	15204463.0	136626.0	142189.0	0	-1	1
rs1154988	6	1.0	3.0	136206349.0	434.0	43957.0	0	-1	1
rs56153133	1	0.0	1.0	11825590.0	-1.0	-1.0	0	-1	1
rs7125196	6	1.0	11.0	61505093.0	5017.0	3503.0	0	-1	1
rs2271543	1	0.0	2.0	218277768.0	-1.0	-1.0	0	-1	1
rs2855469	1	0.0	10.0	110281821.0	-1.0	-1.0	0	-1	1
rs9317097	4	0.0	13.0	22596235.0	-1.0	99788.0	0	0	1
rs4883482	1	0.0	12.0	50183134.0	-1.0	-1.0	0	0	1
rs61772626	1	0.0	1.0	56549996.0	-1.0	-1.0	0	-1	1
rs9634314	1	0.0	12.0	109968581.0	-1.0	-1.0	0	1	1
rs17477177	6	1.0	7.0	106771412.0	1205.0	3543.0	0	-1	1
rs2356455	1	0.0	14.0	50626424.0	-1.0	-1.0	0	-1	1
rs2208589	1	0.0	20.0	48791877.0	-1.0	-1.0	0	-1	1
rs62430713	1	0.0	6.0	142859589.0	-1.0	-1.0	0	2	1
rs6441207	1	0.0	3.0	158564670.0	-1.0	-1.0	0	-1	1
rs188315257	1	0.0	2.0	25018517.0	-1.0	-1.0	0	2	1
rs766522	1	0.0	16.0	75390212.0	-1.0	-1.0	0	1	1
rs6905288	6	1.0	6.0	43791136.0	4649.0	12057.0	0	-1	1
rs11130381	9	0.0	3.0	53815978.0	-1.0	-1.0	0	-1	1
rs2078339	1	0.0	12.0	20008234.0	-1.0	-1.0	0	-1	1
rs1800389	8	0.0	8.0	31067041.0	-1.0	-1.0	0	-1	1
rs134557	1	0.0	22.0	29061594.0	-1.0	-1.0	0	-1	1
rs7232858	1	0.0	18.0	773091.0	-1.0	-1.0	0	-1	1
rs9818870	9	0.0	3.0	138403280.0	-1.0	-1.0	0	-1	1
rs174877	1	0.0	22.0	20057896.0	-1.0	-1.0	0	-1	1
rs12358504	4	1.0	10.0	121240352.0	54386.0	170564.0	0	0	1
rs75086474	1	0.0	16.0	69397260.0	-1.0	-1.0	0	-1	1
rs145158522	1	0.0	10.0	104870101.0	-1.0	-1.0	0	2	1
rs2143678	4	1.0	6.0	41655295.0	1049.0	11611.0	0	0	1
rs35783704	1	0.0	8.0	104954030.0	-1.0	-1.0	0	-1	1
rs1869244	6	1.0	3.0	5682844.0	426083.0	279998.0	0	2	0
rs12566888	1	0.0	1.0	156899255.0	-1.0	-1.0	0	0	0
rs1195358	6	1.0	3.0	191101305.0	208876.0	97936.0	0	-1	0
rs11724635	1	0.0	4.0	15735478.0	-1.0	-1.0	0	1	0
rs10460533	1	0.0	2.0	42267214.0	-1.0	-1.0	0	0	0
rs74879286	4	1.0	9.0	96130316.0	13905.0	15691.0	0	0	0
rs1525293	6	1.0	7.0	71008019.0	170006.0	124125.0	2	1	0
rs5883070	1	0.0	7.0	27240227.0	-1.0	-1.0	0	-1	0
rs704	10	0.0	17.0	28367840.0	-1.0	-1.0	3	-1	0
rs144647275	6	1.0	6.0	44758428.0	205147.0	50889.0	0	0	0
rs4869139	1	0.0	5.0	96522964.0	-1.0	-1.0	0	-1	0
rs7151968	6	1.0	14.0	48132233.0	86017.0	186835.0	0	-1	0
rs943451	1	0.0	10.0	6579811.0	-1.0	-1.0	0	1	0
rs2737216	1	0.0	8.0	115617852.0	-1.0	-1.0	0	1	0
rs2517713	1	1.0	6.0	29950322.0	4438.0	6274.0	0	-1	0
rs115443066	7	0.0	6.0	32646583.0	-1.0	-1.0	3	-1	0
rs11774915	1	0.0	8.0	9331252.0	-1.0	-1.0	0	-1	0
rs7006527	1	0.0	8.0	100012277.0	-1.0	-1.0	0	1	0
rs7606549	1	0.0	2.0	114732621.0	-1.0	-1.0	0	2	0
rs144405125	6	1.0	1.0	150359102.0	5907.0	3989.0	0	0	0
rs688187	6	1.0	19.0	39242112.0	4819.0	1441.0	0	2	0
rs12885454	7	0.0	14.0	29267632.0	-1.0	-1.0	2	-1	0
rs2406255	4	1.0	7.0	100456067.0	17563.0	553.0	0	2	0
rs17067123	6	1.0	4.0	179127208.0	57614.0	261926.0	0	-1	0
rs34467919	1	0.0	20.0	32685126.0	-1.0	-1.0	0	-1	0
rs35444	6	1.0	12.0	115114632.0	34479.0	148538.0	0	-1	0
rs216140	1	0.0	5.0	150063735.0	-1.0	-1.0	0	2	0
rs7595769	1	0.0	2.0	8331189.0	-1.0	-1.0	0	-1	0
rs4821544	1	0.0	22.0	36862461.0	-1.0	-1.0	0	2	0
rs150829342	1	0.0	11.0	84107286.0	-1.0	-1.0	3	2	0
rs34459162	10	0.0	19.0	49542659.0	-1.0	-1.0	0	2	0
rs4650994	1	0.0	1.0	178546177.0	-1.0	-1.0	0	-1	0
rs12129037	6	1.0	1.0	150519638.0	1606.0	28924.0	0	0	0
rs236373	1	0.0	6.0	36824281.0	-1.0	-1.0	0	-1	0
rs72826719	6	1.0	2.0	66749722.0	19565.0	70962.0	0	-1	0
rs2181804	6	1.0	6.0	93135774.0	32390.0	104246.0	0	2	0
rs2200733	6	1.0	4.0	110789013.0	146890.0	5390.0	1	0	0
rs2716579	7	0.0	16.0	74053915.0	-1.0	-1.0	0	-1	0
rs9379084	10	0.0	6.0	7231610.0	-1.0	-1.0	0	1	0
rs704	10	0.0	17.0	28367840.0	-1.0	-1.0	3	-1	0
rs527616	1	0.0	18.0	26757460.0	-1.0	-1.0	0	-1	0
rs72763355	6	1.0	1.0	238622009.0	83704.0	155040.0	0	0	0
rs6484437	1	0.0	11.0	10645728.0	-1.0	-1.0	0	-1	0
rs2869966	1	0.0	4.0	88947927.0	-1.0	-1.0	116	0	0
rs7070693	1	0.0	10.0	63256402.0	-1.0	-1.0	0	-1	0
rs11880992	1	0.0	19.0	2176404.0	-1.0	-1.0	0	1	0
rs4854344	4	1.0	2.0	638144.0	59999.0	25733.0	1	-1	0
rs144474740	1	0.0	19.0	18584880.0	-1.0	-1.0	0	-1	0
rs7163013	6	1.0	15.0	78406417.0	23262.0	31014.0	13	2	0
rs10460051	6	1.0	18.0	33833715.0	82520.0	17385.0	0	2	0
rs17457340	1	0.0	20.0	10659394.0	-1.0	-1.0	3	2	0
rs6738627	1	0.0	2.0	164687940.0	-1.0	-1.0	181	-1	0
rs1997572	1	0.0	7.0	116558774.0	-1.0	-1.0	0	0	0
rs79762284	6	1.0	16.0	49046341.0	196326.0	20226.0	0	-1	0
rs12552	9	0.0	13.0	53051646.0	-1.0	-1.0	0	-1	0
rs6902652	1	0.0	6.0	10167324.0	-1.0	-1.0	0	-1	0
rs7148069	1	0.0	14.0	51372927.0	-1.0	-1.0	0	2	0
rs998584	6	1.0	6.0	43790159.0	3672.0	13034.0	3	1	0
rs836546	1	0.0	7.0	6440037.0	-1.0	-1.0	0	0	0
rs4672	10	0.0	11.0	64242407.0	-1.0	-1.0	0	3	0
rs13234724	10	0.0	7.0	150628087.0	-1.0	-1.0	0	-1	0
rs7212510	1	0.0	17.0	28376663.0	-1.0	-1.0	3	-1	0
rs4396807	1	0.0	22.0	37742372.0	-1.0	-1.0	0	-1	0
rs67248060	1	0.0	7.0	18859540.0	-1.0	-1.0	0	-1	0
rs2456973	1	0.0	12.0	56023144.0	-1.0	-1.0	0	1	0
rs116461311	1	0.0	4.0	20329377.0	-1.0	-1.0	3	-1	0
rs316020	1	0.0	6.0	160248049.0	-1.0	-1.0	3	3	0
rs240753	6	1.0	20.0	17881170.0	145299.0	6193.0	0	1	0
rs3117035	7	0.0	6.0	33118472.0	-1.0	-1.0	0	2	0
rs1617214	1	0.0	19.0	877437.0	-1.0	-1.0	0	-1	0
rs4240748	4	1.0	12.0	91853010.0	172137.0	18112.0	0	-1	0
rs17685	9	0.0	7.0	75986787.0	-1.0	-1.0	0	-1	0
rs117990941	9	0.0	15.0	41897706.0	-1.0	-1.0	0	-1	0
rs552649178	1	0.0	20.0	21961007.0	-1.0	-1.0	0	-1	0
rs6495046	1	0.0	15.0	73060834.0	-1.0	-1.0	0	-1	0
rs4148155	1	0.0	4.0	88133515.0	-1.0	-1.0	2	-1	0
rs6932158	1	0.0	6.0	100798134.0	-1.0	-1.0	0	-1	0
rs13408514	1	0.0	2.0	36975863.0	-1.0	-1.0	0	2	0
rs61649748	1	0.0	8.0	11473655.0	-1.0	-1.0	0	-1	0
rs1111875	6	1.0	10.0	92703125.0	7478.0	7374.0	1	1	0
rs6892330	1	0.0	5.0	89450588.0	-1.0	-1.0	0	-1	0
rs2398893	4	1.0	9.0	93996060.0	36920.0	34734.0	0	2	0
rs860413	6	1.0	5.0	35942940.0	2947.0	8070.0	0	-1	0
rs4841527	1	0.0	8.0	11400947.0	-1.0	-1.0	0	-1	0
rs74913549	1	0.0	11.0	94180526.0	-1.0	-1.0	0	-1	0
rs11209951	4	1.0	1.0	72371807.0	69978.0	345856.0	0	-1	0
rs12027542	1	0.0	1.0	233204408.0	-1.0	-1.0	0	-1	0
rs1936799	1	0.0	6.0	127112993.0	-1.0	-1.0	0	-1	0
rs10511112	6	1.0	3.0	80319313.0	102079.0	122768.0	0	-1	0
rs7445	9	0.0	22.0	21622758.0	-1.0	-1.0	0	-1	0
rs13290451	1	0.0	9.0	34581821.0	-1.0	-1.0	0	0	0
rs73681522	1	0.0	7.0	13656708.0	-1.0	-1.0	0	2	0
rs11175916	1	0.0	12.0	65776859.0	-1.0	-1.0	0	1	0
rs12951372	1	0.0	17.0	21251341.0	-1.0	-1.0	0	3	0
rs3891355	1	0.0	12.0	106556917.0	-1.0	-1.0	0	-1	0
rs912057	1	0.0	6.0	6736698.0	-1.0	-1.0	0	0	0
rs9355416	1	0.0	6.0	162970376.0	-1.0	-1.0	0	2	0
rs7766730	6	1.0	6.0	65987110.0	149071.0	106321.0	0	-1	0
rs10963012	1	0.0	9.0	17295543.0	-1.0	-1.0	60	0	0
rs62035088	1	0.0	15.0	80873501.0	-1.0	-1.0	0	0	0
rs10938397	6	1.0	4.0	45180510.0	128858.0	142743.0	0	-1	0
rs2575876	1	0.0	9.0	104903458.0	-1.0	-1.0	2	0	0
rs78886584	3	1.0	1.0	16532830.0	11034.0	1056.0	0	-1	0
rs10920250	1	0.0	1.0	201755384.0	-1.0	-1.0	0	-1	0
rs62080325	1	0.0	17.0	43983263.0	-1.0	-1.0	0	1	0
rs7569453	1	0.0	2.0	70175048.0	-1.0	-1.0	0	-1	0
rs7212510	1	0.0	17.0	28376663.0	-1.0	-1.0	3	0	0
rs9314907	1	0.0	13.0	114249688.0	-1.0	-1.0	0	1	0
rs1168029	1	0.0	1.0	62503731.0	-1.0	-1.0	0	0	0
rs190152	6	1.0	14.0	44816006.0	33177.0	44310.0	0	1	0
rs17176043	1	0.0	14.0	36525597.0	-1.0	-1.0	0	2	0
rs1055075	7	0.0	11.0	113368790.0	-1.0	-1.0	0	-1	0
rs1333904	6	1.0	9.0	119912134.0	388009.0	22919.0	0	-1	0
rs115807391	1	0.0	1.0	183357633.0	-1.0	-1.0	0	-1	0
rs17564336	6	1.0	1.0	151376698.0	3991.0	22862.0	0	-1	0
rs6544311	1	0.0	2.0	40126137.0	-1.0	-1.0	0	-1	0
rs11785335	1	0.0	8.0	11559134.0	-1.0	-1.0	0	2	0
rs7611540	1	0.0	3.0	62447365.0	-1.0	-1.0	0	0	0
rs3790606	1	0.0	1.0	112509564.0	-1.0	-1.0	0	3	0
rs139916902	6	1.0	21.0	27469761.0	21182.0	22357.0	0	-1	0
rs201263987	1	0.0	1.0	196702537.0	-1.0	-1.0	3	2	0
rs4920799	6	1.0	5.0	85310710.0	72636.0	109318.0	0	-1	0
rs1352323	1	0.0	15.0	92452411.0	-1.0	-1.0	0	-1	0
rs7319172	1	0.0	13.0	66806036.0	-1.0	-1.0	0	-1	0
rs4425734	1	0.0	8.0	86265346.0	-1.0	-1.0	0	0	0
rs907195	6	1.0	5.0	126719375.0	55807.0	18063.0	0	-1	0
rs116488202	4	1.0	6.0	31377139.0	1051.0	280.0	3	3	0
rs1859164	1	0.0	7.0	27178800.0	-1.0	-1.0	0	0	0
rs6651252	1	0.0	8.0	128554935.0	-1.0	-1.0	0	0	0
rs7090925	1	0.0	10.0	8437905.0	-1.0	-1.0	1	0	0
rs74617384	1	0.0	6.0	160576086.0	-1.0	-1.0	3	-1	0
rs7753826	4	1.0	6.0	26042011.0	8443.0	1266.0	0	2	0
rs715	9	0.0	2.0	210678331.0	-1.0	-1.0	1	0	0
rs10885396	1	0.0	10.0	112951996.0	-1.0	-1.0	1	-1	0
rs116289082	1	0.0	1.0	225379086.0	-1.0	-1.0	0	2	0
rs8078417	4	1.0	17.0	82504059.0	13522.0	15654.0	0	-1	0
rs3847225	6	1.0	9.0	1790685.0	456732.0	187099.0	0	0	0
rs905938	1	0.0	1.0	155018913.0	-1.0	-1.0	0	-1	0
rs1973284	1	0.0	1.0	243693379.0	-1.0	-1.0	0	2	0
rs72625132	1	0.0	15.0	27968778.0	-1.0	-1.0	3	-1	0
rs72815176	6	1.0	10.0	93189177.0	81794.0	17680.0	0	1	0
rs11917701	6	1.0	3.0	117455721.0	316332.0	88484.0	0	0	0
rs13261217	1	0.0	8.0	4325535.0	-1.0	-1.0	3	2	0
rs76895963	1	0.0	12.0	4275678.0	-1.0	-1.0	1	-1	0
rs7586970	10	0.0	2.0	187478770.0	-1.0	-1.0	3	1	0
rs187918276	1	0.0	4.0	73167847.0	-1.0	-1.0	1	-1	0
rs11708163	1	0.0	3.0	131989341.0	-1.0	-1.0	0	2	0
rs8042849	1	0.0	15.0	78525587.0	-1.0	-1.0	0	-1	0
rs704	10	0.0	17.0	28367840.0	-1.0	-1.0	3	-1	0
rs10950949	6	1.0	7.0	23479641.0	9150.0	1112.0	0	0	0
rs525455	1	0.0	10.0	13061285.0	-1.0	-1.0	0	-1	0
rs10628234	6	1.0	15.0	74918802.0	11919.0	989.0	0	0	0
rs2972770	6	1.0	5.0	42731670.0	2151.0	25131.0	0	2	0
rs17795934	6	1.0	16.0	51892598.0	119425.0	112889.0	0	-1	0
rs7113624	4	1.0	11.0	87508051.0	16941.0	57943.0	0	-1	0
rs4782862	1	0.0	16.0	83947098.0	-1.0	-1.0	0	-1	0
rs187130073	10	0.0	7.0	99968131.0	-1.0	-1.0	0	-1	0
rs12138950	1	0.0	1.0	19512621.0	-1.0	-1.0	181	-1	0
rs11666377	1	0.0	19.0	17007623.0	-1.0	-1.0	0	-1	0
rs2235529	1	0.0	1.0	22123994.0	-1.0	-1.0	0	-1	0
rs381815	1	0.0	11.0	16880721.0	-1.0	-1.0	0	1	0
rs16982907	6	1.0	19.0	51659782.0	10172.0	25581.0	0	-1	0
rs2133450	1	0.0	3.0	7294765.0	-1.0	-1.0	0	1	0
rs112780312	1	0.0	1.0	153824539.0	-1.0	-1.0	0	-1	0
rs10879490	4	1.0	12.0	72769371.0	40527.0	346586.0	0	2	2	0
rs62435145	4	1.0	7.0	1246931.0	9613.0	20422.0	0	-1	0
rs75686122	1	0.0	8.0	103561561.0	-1.0	-1.0	0	-1	0
rs2482963	1	0.0	1.0	158626648.0	-1.0	-1.0	13	-1	0
rs71559067	6	1.0	6.0	28026638.0	10861.0	7309.0	0	-1	0
rs11074306	1	0.0	15.0	27799396.0	-1.0	-1.0	1	2	0
rs41284816	7	0.0	13.0	50081853.0	-1.0	-1.0	0	2	0
rs116976597	1	0.0	20.0	32883252.0	-1.0	-1.0	0	2	0
rs1009908	6	1.0	14.0	76126621.0	42036.0	5086.0	0	3	0
rs17485138	1	0.0	13.0	108850501.0	-1.0	-1.0	0	-1	0
rs16867579	1	0.0	8.0	101363039.0	-1.0	-1.0	0	-1	0
rs26443	6	1.0	5.0	165947316.0	41708.0	81251.0	0	-1	0
rs7672943	1	0.0	4.0	47037529.0	-1.0	-1.0	0	-1	0
rs77936935	1	0.0	9.0	119277286.0	-1.0	-1.0	0	0	0
rs62533402	1	0.0	9.0	306734.0	-1.0	-1.0	0	0	0
rs17592479	1	0.0	1.0	226986191.0	-1.0	-1.0	0	0	0
rs1126809	10	0.0	11.0	89284793.0	-1.0	-1.0	0	-1	0
rs188488867	1	0.0	2.0	218919534.0	-1.0	-1.0	0	-1	0
rs907366	1	0.0	4.0	183291067.0	-1.0	-1.0	0	-1	0
rs3786897	1	0.0	19.0	33402102.0	-1.0	-1.0	13	-1	0
rs550548705	6	1.0	16.0	67889570.0	715.0	3684.0	0	1	0
rs7314943	4	1.0	12.0	33523772.0	68320.0	52323.0	0	-1	0
rs28416651	1	0.0	8.0	105552424.0	-1.0	-1.0	1	-1	0
rs627871	6	1.0	13.0	34331918.0	68828.0	16125.0	0	-1	0
rs495828	4	1.0	9.0	133279294.0	4075.0	23176.0	0	-1	0
rs11730243	1	0.0	4.0	105542556.0	-1.0	-1.0	0	-1	0
rs7705502	1	0.0	5.0	173893812.0	-1.0	-1.0	0	2	0
rs1521516	1	0.0	12.0	50661925.0	-1.0	-1.0	0	-1	0
rs139811700	1	0.0	7.0	80916834.0	-1.0	-1.0	0	2	0
rs356220	1	0.0	4.0	89720189.0	-1.0	-1.0	0	0	0
rs13176930	6	1.0	5.0	153285161.0	61618.0	204454.0	0	2	0
rs2906966	6	1.0	17.0	15428200.0	10322.0	7815.0	0	-1	0
rs62004794	1	0.0	15.0	68162185.0	-1.0	-1.0	0	-1	0
rs12485738	1	0.0	3.0	56831748.0	-1.0	-1.0	4	1	0
rs4851016	1	0.0	2.0	102503941.0	-1.0	-1.0	0	0	0
rs10106898	6	1.0	8.0	96095722.0	26041.0	31245.0	0	-1	0
rs1801253	10	0.0	10.0	114045297.0	-1.0	-1.0	0	2	0
rs190675597	1	0.0	7.0	14648124.0	-1.0	-1.0	2	1	0
rs871290	9	0.0	16.0	85673761.0	-1.0	-1.0	0	0	0
rs56302516	1	0.0	5.0	518319.0	-1.0	-1.0	0	-1	0
rs182333180	1	0.0	13.0	43857773.0	-1.0	-1.0	0	2	0
rs34813609	1	0.0	1.0	196699231.0	-1.0	-1.0	3	-1	0
rs1321859	4	1.0	6.0	90301954.0	5046.0	10788.0	0	-1	0
rs7397861	1	0.0	12.0	66420686.0	-1.0	-1.0	0	2	0
rs8034191	1	0.0	15.0	78513681.0	-1.0	-1.0	0	-1	0
rs328902	1	0.0	7.0	34981231.0	-1.0	-1.0	2	2	0
rs7699884	6	1.0	4.0	180374085.0	516504.0	199379.0	0	0	0
rs115384187	6	1.0	1.0	203195061.0	8357.0	17766.0	0	-1	0
rs157640	6	1.0	20.0	54798000.0	146829.0	61688.0	0	-1	0
rs940341	4	1.0	2.0	227860010.0	42446.0	10073.0	0	1	0
rs11231299	1	0.0	11.0	63003916.0	-1.0	-1.0	0	0	0
rs772921	1	0.0	12.0	56009793.0	-1.0	-1.0	0	1	0
rs28834970	1	0.0	8.0	27337604.0	-1.0	-1.0	0	-1	0
rs529787043	8	0.0	1.0	979935.0	-1.0	-1.0	0	2	0
rs12712928	1	0.0	2.0	44964941.0	-1.0	-1.0	0	2	0
rs7595037	6	1.0	2.0	68419963.0	22510.0	25747.0	0	-1	0
rs6438424	1	0.0	3.0	117855975.0	-1.0	-1.0	0	-1	0
rs4301023	1	0.0	3.0	85008130.0	-1.0	-1.0	3	0	0
rs117111740	9	0.0	11.0	62433767.0	-1.0	-1.0	0	-1	0
rs61745086	10	0.0	16.0	88715642.0	-1.0	-1.0	0	-1	0
rs55692656	1	0.0	3.0	58397447.0	-1.0	-1.0	2	2	0
rs4890357	6	0.0	18.0	41724212.0	-1.0	-1.0	0	2	0
rs4851221	1	0.0	2.0	99663560.0	-1.0	-1.0	0	0	0
rs12200560	6	1.0	6.0	96632322.0	15686.0	16167.0	1	0	0
rs892073	1	0.0	19.0	29421387.0	-1.0	-1.0	0	0	0
rs197412	10	0.0	1.0	111766331.0	-1.0	-1.0	0	0	0
rs79939438	1	0.0	2.0	47978940.0	-1.0	-1.0	0	0	0
rs1980057	1	0.0	4.0	144564586.0	-1.0	-1.0	0	1	0
rs4690774	1	0.0	4.0	143164174.0	-1.0	-1.0	0	2	0
rs2737216	1	0.0	8.0	115617852.0	-1.0	-1.0	0	-1	0
rs1489764	1	0.0	4.0	144533076.0	-1.0	-1.0	0	-1	0
rs28381684	1	0.0	11.0	102866461.0	-1.0	-1.0	0	-1	0
rs74480769	1	0.0	5.0	40972109.0	-1.0	-1.0	0	2	0
rs6728642	1	0.0	2.0	96941334.0	-1.0	-1.0	0	-1	0
rs4896888	1	0.0	6.0	146777855.0	-1.0	-1.0	0	-1	0
rs7406910	10	0.0	17.0	48610894.0	-1.0	-1.0	1	-1	0
rs7775100	1	0.0	6.0	96071781.0	-1.0	-1.0	0	0	0
rs35998524	6	1.0	5.0	154655677.0	59605.0	30099.0	0	-1	0
rs2503107	1	0.0	6.0	127142231.0	-1.0	-1.0	3	-1	0
rs74001718	1	0.0	2.0	238716955.0	-1.0	-1.0	0	2	0
rs7189501	1	0.0	16.0	6125428.0	-1.0	-1.0	1	3	0
rs182516353	6	1.0	6.0	166198063.0	29363.0	11340.0	0	-1	0
rs72743974	4	1.0	9.0	96116599.0	188.0	29408.0	0	-1	0
rs2834257	1	0.0	21.0	33753992.0	-1.0	-1.0	0	-1	0
